dbo_Region.name,dbo_Locality.name,dbo_Institution.name,dbo_lu_InstitutionType.name,pînã la 5 km,mai mul de 5 km
mun. Bãlþi,MUN.BALTI,"Scoala primara, 21",Scoala Primara,478,14
mun. Bãlþi,MUN.BALTI,ªcoalã internat pentru copii slab vãzãtor,Gimnaziu,23,60
mun. Bãlþi,MUN.BALTI,ªcoala internat auxiliarã,Gimnaziu,0,12
mun. Bãlþi,MUN.BALTI,Scoala medie nr.3,Scoala Medie,0,0
mun. Bãlþi,MUN.BALTI,"IÎP Liceul ""Elitex""",Liceu,,
mun. Bãlþi,MUN.BALTI,"L.T.""Mihail Lomonosov""",Liceu,0,34
mun. Bãlþi,MUN.BALTI,Scola medie nr.2,Scoala Medie,,
mun. Bãlþi,MUN.BALTI,Scoala medie nr.15,Scoala Medie,0,0
mun. Bãlþi,MUN.BALTI,ªcoala de tip internat,Gimnaziu,41,138
mun. Bãlþi,MUN.BALTI,Scoala medie nr.14,Scoala Medie,0,0
mun. Bãlþi,MUN.BALTI,"L.T.""V.Maiacovschi""",Liceu,2,0
mun. Bãlþi,MUN.BALTI,Gimnaziul nr.9,Gimnaziu,0,0
mun. Bãlþi,MUN.BALTI,Gimnaziul nr.7,Gimnaziu,0,0
mun. Bãlþi,MUN.BALTI,Scoala medie nr.6,Scoala Medie,0,0
mun. Bãlþi,MUN.BALTI,L.T. Coºbuc,Liceu,62,17
mun. Bãlþi,MUN.BALTI,L.T.A. I. Cuza,Liceu,0,0
mun. Bãlþi,MUN.BALTI,Scoala medie nr.4,Scoala Medie,0,0
mun. Bãlþi,MUN.BALTI,"""N. Gogol""",Liceu,42,766
mun. Bãlþi,MUN.BALTI,L.T. ªtefan cel Mare,Liceu,0,14
mun. Bãlþi,MUN.BALTI,L.T. M. Gorki,Liceu,0,4
mun. Bãlþi,S.ELIZAVETA,Scoala medie nr.19,Scoala Medie,,
mun. Bãlþi,MUN.BALTI,Scoala Medie Seralã nr.23,Scoala Medie,0,0
mun. Bãlþi,MUN.BALTI,"Liceul Teoretic Regional ""Ion Creangã""",Liceu,63,99
mun. Bãlþi,MUN.BALTI,L.T. V.Alecsandri,Liceu,6,0
mun. Bãlþi,MUN.BALTI,L.T. A.Puºkin,Liceu,0,1
mun. Bãlþi,MUN.BALTI,L.T. B-P. Haºdeu,Liceu,5,0
mun. Bãlþi,MUN.BALTI,L.T. D. Cantemir,Liceu,0,0
mun. Bãlþi,MUN.BALTI,L.T. M. Eminescu,Liceu,33,64
mun. Bãlþi,MUN.BALTI,Gimnaziul nr.10,Gimnaziu,0,0
mun. Bãlþi,S.SADOVOE,Gimnaziul nr.16,Gimnaziu,0,0
mun. Bãlþi,MUN.BALTI,"L.T.""Lucian Blaga""",Liceu,0,0
mun. Chiºinãu,sec.Buiucani,Gimnaziul nr.34,Gimnaziu,,
mun. Chiºinãu,sec.Botanica,ªcoala speciala nr.12,Scoala Medie,35,81
mun. Chiºinãu,sec.Botanica,"Liceul Teoretic ""Vasile Alecsandri""",Liceu,,507
mun. Chiºinãu,sec.Ciocana,ªcoala primarã nr.12,Scoala Primara,0,13
mun. Chiºinãu,Durleºti,ªcoala medie de culturã generalã nr.84,Scoala Medie,0,3
mun. Chiºinãu,Codru,ªcoala primarã nr.88,Scoala Primara,4,1
mun. Chiºinãu,sec.Rîºcani,ªcoala-grãdiniþã nr.199,Scoala Primara,87,30
mun. Chiºinãu,sec.Centru,Gimnaziul internat nr.3,Gimnaziu,5,221
mun. Chiºinãu,sec.Rîºcani,"Liceul Teoretic ""Aleco Russo""",Liceu,,
mun. Chiºinãu,sec.Rîºcani,"Liceul Teoretic ""Natalia Gheorghiu""",Liceu,,
mun. Chiºinãu,sec.Rîºcani,"Liceul teoretic ""G.Calinescu""",Liceu,125,
mun. Chiºinãu,sec.Buiucani,"Liceul Teoretic  ""Mircea Eliade""",Liceu,0,15
mun. Chiºinãu,Budeºti,"Liceul Teoretic ""Budeºti""",Liceu,28,
mun. Chiºinãu,sec.Buiucani,Liceul internat municipal cu profil sportiv,Liceu,,
mun. Chiºinãu,Grãtieºti,"Liceul Teoretic ""Grãtieºti""",Liceu,0,0
mun. Chiºinãu,sec.Ciocana,ªcoala medie de culturã generalã nr.35,Scoala Medie,,11
mun. Chiºinãu,sec.Buiucani,"Liceul Teoretic ""Hyperion""",Liceu,0,0
mun. Chiºinãu,sec.Botanica,ªcoala-grãdiniþã nr.124,Scoala Primara,138,15
mun. Chiºinãu,sec.Botanica,Liceul teoretic cu profil sportiv nr.3,Scoala Medie,8,4
mun. Chiºinãu,sec.Botanica,"Liceul Teoretic ""Traian""",Liceu,674,99
mun. Chiºinãu,sec.Botanica,"Liceul Teoretic ""Rambam""",Liceu,192,105
mun. Chiºinãu,sec.Rîºcani,"Liceul Teoretic ""M.de Cervantes""",Liceu,0,24
mun. Chiºinãu,sec.Buiucani,ªcoala medie de culturã generalã nr.86,Scoala Medie,29,6
mun. Chiºinãu,sec.Centru,"Liceul Teoretic ""Mihai Viteazul""",Liceu,1248,83
mun. Chiºinãu,Ghidighici,Gimnaziul nr.79,Gimnaziu,,
mun. Chiºinãu,sec.Buiucani,"Liceul Teoretic ""Spiru Haret""",Liceu,53,14
mun. Chiºinãu,sec.Botanica,"Liceul Teoretic ""Mihai Grecu""",Liceu,531,248
mun. Chiºinãu,sec.Centru,"Liceul Teoretic ""Minerva""",Liceu,398,67
mun. Chiºinãu,sec.Buiucani,ªcoala medie de culturã generalã nr.59,Scoala Medie,,
mun. Chiºinãu,Vatra,ªcoala medie de culturã generalã nr.51,Scoala Medie,1,1
mun. Chiºinãu,sec.Botanica,ªcoala medie de culturã generalã nr.49,Scoala Medie,224,8
mun. Chiºinãu,sec.Ciocana,Gimnaziul nr. 44,Gimnaziu,4,12
mun. Chiºinãu,sec.Buiucani,"Liceul Teoretic  ""Onisifor Ghibu""",Liceu,0,30
mun. Chiºinãu,Codru,Gimnaziul nr.42,Gimnaziu,2,1
mun. Chiºinãu,sec.Centru,ªcoala medie de culturã generalã nr. 41,Scoala Medie,,2
mun. Chiºinãu,sec.Botanica,Gimnaziul  nr.17,Gimnaziu,113,17
mun. Chiºinãu,sec.Rîºcani,ªcoala medie de culturã generalã nr.85,Scoala Medie,,
mun. Chiºinãu,sec.Ciocana,"Liceul Teoretic ""Petru Zadnipru""",Liceu,750,58
mun. Chiºinãu,sec.Botanica,"Liceul Teoretic ""Liviu Rebreanu""",Liceu,898,9
mun. Chiºinãu,sec.Buiucani,Gimnaziul nr.65,Gimnaziu,,
mun. Chiºinãu,Dobrogea,Gimnaziul nr.68,Gimnaziu,302,3
mun. Chiºinãu,sec.Centru,Liceul tenologic pentru copii cu vederea slabã,Liceu,7,8
mun. Chiºinãu,sec.Centru,"Liceul Teoretic ""Nicolae Sulac""",Liceu,7,0
mun. Chiºinãu,sec.Botanica,ªcoala grãdiniþã  nr.90,Scoala Primara,200,24
mun. Chiºinãu,sec.Botanica,Gimnaziul nr.67,Gimnaziu,0,0
mun. Chiºinãu,sec.Botanica,Gimnaziul-internat nr.2,Gimnaziu,46,302
mun. Chiºinãu,sec.Botanica,ªcoala medie de cutlurã generalã nr.3,Scoala Medie,,
mun. Chiºinãu,sec.Botanica,ªcoala medie de culturã generalã nr.30,Scoala Medie,0,0
mun. Chiºinãu,sec.Botanica,Liceul Teoretic seral nr.2,Liceu,34,5
mun. Chiºinãu,sec.Buiucani,"Liceul Teoretic ""Nicolae Gogol""",Liceu,1315,15
mun. Chiºinãu,sec.Botanica,ªcoala-grãdiniþã nr.120,Scoala Primara,148,26
mun. Chiºinãu,sec.Botanica,"ªcoala-grãdiniþã nr.152 ""Pas cu pas""",Scoala Primara,305,24
mun. Chiºinãu,sec.Buiucani,"Liceul Teoretic ""Vasile Vasilache""",Liceu,7,29
mun. Chiºinãu,sec.Centru,"Liceul Teoretic ""Constantin Sibirschi""",Liceu,600,43
mun. Chiºinãu,sec.Centru,"Liceul Teoretic ""Vasile Lupu""",Liceu,516,57
mun. Chiºinãu,sec.Centru,ªcoala specialã nr.81,Scoala Medie,0,0
mun. Chiºinãu,sec.Rîºcani,"ªcoala auxiliarã nr.9 CPPC ""Orfeu""",Scoala Medie,61,25
mun. Chiºinãu,sec.Ciocana,"Liceul Teoretic ""Constantin Negruzzi""",Liceu,1055,18
mun. Chiºinãu,sec.Rîºcani,"Liceul Teoretic ""Alexandru Ioan Cuza""",Liceu,90,38
mun. Chiºinãu,sec.Rîºcani,"Liceul Teoretic ""ªtefan cel Mare ºi Sfînt""",Liceu,73,0
mun. Chiºinãu,sec.Rîºcani,"Liceul Teoretic ""N.Milescu-Spatarul""",Liceu,104,54
mun. Chiºinãu,sec.Rîºcani,"Liceul Teoretic ""Kiril si Metodiu""",Liceu,,12
mun. Chiºinãu,sec.Ciocana,ªcoala pe schimburi nr.3,Scoala Medie,319,97
mun. Chiºinãu,sec.Centru,ªcoala medie de culturã generalã nr.7,Scoala Medie,,
mun. Chiºinãu,sec.Ciocana,ªcoala primarã nr.83,Scoala Primara,20,10
mun. Chiºinãu,sec.Centru,"Liceul Teoretic ""Univers LIONS""",Liceu,,78
mun. Chiºinãu,sec.Ciocana,"Liceul Teoretic ""Toader Bubuiog""",Liceu,100,7
mun. Chiºinãu,sec.Ciocana,"Liceul Teoretic ""Olimp""",Liceu,800,67
mun. Chiºinãu,sec.Ciocana,"Liceul Teoretic ""Ginta Latinã""",Liceu,52,8
mun. Chiºinãu,sec.Centru,sc.-grad.nr.226,Scoala Primara,,13
mun. Chiºinãu,sec.Centru,ªcoala auxiliara nr.7,Scoala Medie,105,6
mun. Chiºinãu,sec.Botanica,"Liceul Teoretic ""Mihai Eminescu""",Liceu,,107
mun. Chiºinãu,sec.Ciocana,ªcoala primarã nr.103,Scoala Primara,,
mun. Chiºinãu,Ciorescu,Gimnaziul nr.45,Gimnaziu,27,
mun. Chiºinãu,sec.Botanica,"Liceul Teoretic ""Mircea cel Bãtrîn""",Liceu,,
mun. Chiºinãu,sec.Rîºcani,"Liceul Teoretic ""George Meniuc""",Liceu,,29
mun. Chiºinãu,sec.Rîºcani,"Liceul Teoretic ""Vasil Levski""",Liceu,103,203
mun. Chiºinãu,sec.Rîºcani,"Liceul Teoretic ""Academia copiilor""",Liceu,200,180
mun. Chiºinãu,sec.Rîºcani,Liceul experimental Waldorf,Liceu,124,99
mun. Chiºinãu,sec.Botanica,ªcoala primarã nr.9,Scoala Primara,262,2
mun. Chiºinãu,sec.Rîºcani,ªcoala medie de culturã generalã nr.33,Scoala Medie,,
mun. Chiºinãu,sec.Ciocana,"Liceul Teoretic  ""Gaudeamus""",Liceu,,24
mun. Chiºinãu,sec.Rîºcani,"Gimnaziul teatral ""Ion Luca Caragiale""",Gimnaziu,179,2
mun. Chiºinãu,sec.Rîºcani,"Liceul Teoretic ""Lucian Blaga""",Liceu,,
mun. Chiºinãu,Cricova,Gimnaziul nr.77,Gimnaziu,4,3
mun. Chiºinãu,Cricova,"Liceul Teoretic ""Alexei Mateevici""",Liceu,20,4
mun. Chiºinãu,Stãuceni,"Liceul Teoretic ""Dragoº Vodã""",Liceu,,
mun. Chiºinãu,sec.Rîºcani,ªcoala auxiliarã-internat nr.6,Scoala Medie,4,103
mun. Chiºinãu,sec.Rîºcani,"Liceul Teoretic ""Nicolae Bãlcescu""",Liceu,151,61
mun. Chiºinãu,sec.Botanica,"Liceul Teoretic ""Iulia Hasdeu""",Liceu,1037,32
mun. Chiºinãu,sec.Ciocana,"Liceul Teoretic ""Mihai Berezovschi""",Liceu,135,10
mun. Chiºinãu,sec.Rîºcani,"Liceul tehnologic resurse educationale ºi trayning tehnologic ""B.Z.Hertli""",Liceu,,
mun. Chiºinãu,sec.Centru,"Liceul Teoretic ""Gheorghe Asachi""",Liceu,437,1556
mun. Chiºinãu,sec.Rîºcani,"Liceul Teoretic ""Mihail Kogalniceanu""",Liceu,34,21
mun. Chiºinãu,sec.Botanica,Liceul teatral,Liceu,321,50
mun. Chiºinãu,sec.Rîºcani,Liceul Teoretic “Mihailo Lomonosov”,Liceu,,
mun. Chiºinãu,sec.Centru,"Liceul Teoretic ""Mihailo Kotiubinski""",Liceu,0,20
mun. Chiºinãu,sec.Botanica,"Liceul Teoretic ""Tudor Vladimirescu""",Liceu,5,
mun. Chiºinãu,sec.Botanica,"Liceul Teoretic  ""Petru Movila""",Liceu,14,16
mun. Chiºinãu,sec.Botanica,"Liceul Teoretic ""Nicolae Iorga""",Liceu,1156,88
mun. Chiºinãu,sec.Botanica,"Liceul Teoretic ""Bogdan Petriceicu Hasdeu""",Liceu,,
mun. Chiºinãu,sec.Buiucani,"Liceul Teoretic ""Dante Alighieri""",Liceu,0,22
mun. Chiºinãu,sec.Rîºcani,"Liceul Teoretic ""Mihail Sadoveanu""",Liceu,,2
mun. Chiºinãu,sec.Rîºcani,"Liceul Teoretic ""Ion Creangã""",Liceu,38,29
mun. Chiºinãu,sec.Buiucani,"Liceul Teortic ""Alexandr Puskin""",Liceu,,
mun. Chiºinãu,Vadul lui Vodã,ªcoala primarã nr.19,Scoala Primara,19,10
mun. Chiºinãu,Truºeni,"Liceul Teoretic ""Truºeni""",Liceu,,
mun. Chiºinãu,sec.Rîºcani,"Liceul Teoretic ""Matei Basarab""",Liceu,7,7
mun. Chiºinãu,sec.Centru,Liceul Teoretic seral nr.1,Liceu,,
mun. Chiºinãu,sec.Botanica,"Liceul Teoretic ""Elena Alistar""",Liceu,855,215
mun. Chiºinãu,Durleºti,"Liceul Moldo-Turc ""Orizont""",Liceu,0,15
mun. Chiºinãu,Bãcioi,ªcoala primarã nr.101,Scoala Primara,,
mun. Chiºinãu,sec.Botanica,"Liceul  ""Elitex""",Liceu,37,5
mun. Chiºinãu,sec.Centru,Gimnaziul nr.53,Gimnaziu,8,
mun. Chiºinãu,sec.Buiucani,"Liceul Teoretic "" I.S.Neciui-Leviþki""",Liceu,0,2
mun. Chiºinãu,Coloniþa,"Liceul Teoretic ""Gheorghe Ghimpu""",Liceu,11,25
mun. Chiºinãu,Vadul lui Vodã,"Liceul Teoretic ""ªtefan Vodã""",Liceu,70,2
mun. Chiºinãu,sec.Buiucani,"Liceul Teoretic ""Liviu Deleanu""",Liceu,21,4
mun. Chiºinãu,Sîngera,"Liceul Teoretic ""Alexandru cel Bun""",Liceu,315,14
mun. Chiºinãu,Truºeni,Gimnaziul nr.99,Gimnaziu,,
mun. Chiºinãu,Braila,Gimnaziul nr.102,Gimnaziu,,
mun. Chiºinãu,sec.Centru,ªcoala primarã nr.32,Scoala Primara,2,
mun. Chiºinãu,sec.Buiucani,ªcoala primarã nr.91,Scoala Primara,42,10
mun. Chiºinãu,sec.Botanica,"Liceul Teoretic  ""Dimitrie Cantemir""",Liceu,1048,85
mun. Chiºinãu,sec.Centru,ªcoala auxiliarã-internat nr.5,Scoala Medie,5,90
mun. Chiºinãu,sec.Ciocana,ªcoala primara nr.82,Scoala Primara,,12
mun. Chiºinãu,Bãcioi,"Liceul Teoretic ""Grigore Vieru""",Scoala Medie,,
mun. Chiºinãu,sec.Botanica,ªcoala medie de culturã generalã nr.6,Scoala Medie,,
mun. Chiºinãu,sec.Rîºcani,ªcoala medie de culturã generalã nr.8,Scoala Medie,186,40
mun. Chiºinãu,sec.Buiucani,ªcoala medie de culturã generalã nr.5,Scoala Medie,556,
mun. Chiºinãu,Tohatin,Gimnaziul .nr.74,Gimnaziu,23,
mun. Chiºinãu,sec.Ciocana,"Liceul Teoretic ""Dacia""",Liceu,14,2
mun. Chiºinãu,sec.Buiucani,"Liceul Teoretic ""Antioh Cantemir""",Liceu,0,24
mun. Chiºinãu,sec.Buiucani,"Liceul Teoretic ""Principesa Natalia Dadiani""",Liceu,1084,37
mun. Chiºinãu,Cruzeºti,Gimnaziul nr.75,Gimnaziu,,
mun. Chiºinãu,sec.Buiucani,"Liceul Teoretic ""Anton Cehov""",Liceu,,
mun. Chiºinãu,sec.Ciocana,Liceul municipal sportiv nr.2,Liceu,7,32
mun. Chiºinãu,sec.Botanica,"Liceul Teoretic  ""Prosucces""",Liceu,148,15
mun. Chiºinãu,sec.Centru,"Liceul Teoretic ""T.Maiorescu""",Liceu,400,66
mun. Chiºinãu,sec.Buiucani,"Liceul Teoretic ""Petru Rareº""",Liceu,953,39
mun. Chiºinãu,sec.Ciocana,ªcoala .primara nr.95,Scoala Primara,315,0
mun. Chiºinãu,Durleºti,"Liceul Teoretic ""Durleºti""",Liceu,0,0
mun. Chiºinãu,sec.Buiucani,ªcoala medie de culturã generalã nr.52,Scoala Medie,0,0
mun. Chiºinãu,sec.Rîºcani,"Liceul ""Svetoci""",Liceu,,0
mun. Chiºinãu,sec.Ciocana,"Liceul Moldo-Turc ""Orizont""",Liceu,,
mun. Chiºinãu,sec.Centru,"Liceul ""Litterarum""",Liceu,,14
mun. Chiºinãu,sec.Botanica,Gimnaziul nr.31,Gimnaziu,12,
mun. Chiºinãu,sec.Buiucani,"Liceul  ""Socrate""",Liceu,,3
mun. Chiºinãu,sec.Rîºcani,Liceul de Limbi Moderne ºi Management,Liceu,0,0
mun. Chiºinãu,sec.Buiucani,"Liceul ""Prometeu-Prim""",Liceu,0,0
mun. Chiºinãu,sec.Buiucani,"Gimnaziul ""Elimul Nou""",Gimnaziu,5,55
mun. Chiºinãu,sec.Buiucani,"Liceul Moldo-Turc ""Orizont""",Liceu,197,9
mun. Chiºinãu,sec.Buiucani,"Liceul  ""Columna""",Liceu,5,2
mun. Chiºinãu,sec.Botanica,Liceul Teoretic Internaþional de Management,Liceu,,
mun. Chiºinãu,sec.Buiucani,"Liceul  ""Perspectiva-Prim""",Liceu,,7
mun. Chiºinãu,sec.Buiucani,"Liceul ""Evrica""",Liceu,60,9
mun. Chiºinãu,sec.Botanica,"Liceul ""Pampedia""",Liceu,,
mun. Chiºinãu,sec.Rîºcani,ªcoala-grãdiniþã Stãuceni,Scoala Primara,1,
r-l Anenii Noi,Gura Bîcului,Liceul teoretic Gura Bîcului,Liceu,2,0
r-l Anenii Noi,Creþoaia,ªcoala primarã Creþioaia,Scoala Primara,0,0
r-l Anenii Noi,Larga,ªcoala primarã Larga,Scoala Primara,0,0
r-l Anenii Noi,Botnãreºti,Gimnaziul Botnãreºti,Gimnaziu,13,0
r-l Anenii Noi,Troiþa Nouã,Gimnaziul Troiþa Nouã,Gimnaziu,74,0
r-l Anenii Noi,Anenii Noi,"Liceul teoretic ""Mihai Eminescu"" Anenii Noi",Liceu,123,142
r-l Anenii Noi,Chetrosu,ªcoala medie Chetrosu,Scoala Medie,143,0
r-l Anenii Noi,S.VARNITA,Liceul teoretic Varniþa,Liceu,184,1
r-l Anenii Noi,Roscani,ªcoala medie Roºcani,Scoala Medie,0,0
r-l Anenii Noi,Delacãu,ªcoala medie Delacãu,Scoala Medie,0,0
r-l Anenii Noi,Þînþãreni,"Gimnaziu ""Ion Creangã"" Þînþãreni",Gimnaziu,10,0
r-l Anenii Noi,Zolotievca,Gimnaziul Zolotievca,Gimnaziu,22,5
r-l Anenii Noi,Hîrbovãþul Nou,ªcoala primarã Hîrbovãþul Nou,Scoala Primara,0,0
r-l Anenii Noi,Mereni,ªcoala primarã Mereni,Scoala Primara,0,12
r-l Anenii Noi,Bulboaca,"Liceul teoretic ""Anton Guzun"" Bulboaca",Liceu,12,0
r-l Anenii Noi,Speia,Gimnaziul Speia,Gimnaziu,0,0
r-l Anenii Noi,Bulboaca,ªcoala auxiliarã Bulboaca,Gimnaziu,40,71
r-l Anenii Noi,Floreni,Gimnaziul Floreni,Gimnaziu,0,0
r-l Anenii Noi,Ochiul Roº,Gimnaziul Ochiul Ros,Gimnaziu,12,0
r-l Anenii Noi,Chirca,Gimnaziul Chirca,Gimnaziu,5,0
r-l Anenii Noi,Cobusca Veche,Gimnaziu Cobusca Veche,Gimnaziu,17,0
r-l Anenii Noi,ªerpeni,ªcoala medie ªerpeni,Scoala Medie,0,0
r-l Anenii Noi,Teliþa,Gimnaziul Teliþa,Gimnaziu,0,0
r-l Anenii Noi,Todireºti,Gimnaziul Todireºti,Gimnaziu,0,0
r-l Anenii Noi,Merenii Noi,Gimnaziul Merenii Noi,Gimnaziu,15,0
r-l Anenii Noi,Anenii Noi,"Liceul teoretic ""Hyperion"" Anenii Noi",Liceu,92,261
r-l Anenii Noi,Hîrbovãþ,ªcoala primarã Hîrbovãþ,Scoala Primara,0,0
r-l Anenii Noi,Hîrbovãþ,"Liceul teoretic ""Ion Creangã"" Hîrbovãþ",Liceu,0,0
r-l Anenii Noi,Cobusca Nouã,Gimnaziu  Cobusca Nouã,Gimnaziu,1,0
r-l Anenii Noi,Maximovca,ªcoala medie Maximovca,Scoala Medie,0,0
r-l Anenii Noi,Ciobanovca,Gimnaziul Ciobanovca,Gimnaziu,7,0
r-l Anenii Noi,Calfa,Gimnaziul Calfa,Gimnaziu,0,0
r-l Anenii Noi,Geamãna,ªcoala medie Geamãna,Scoala Medie,0,0
r-l Anenii Noi,Mereni,"Liceul teoretic ""Emil Nicula"" Mereni",Liceu,0,0
r-l Anenii Noi,Puhãceni,"Liceul teoretic ""Olimp"" Puhãceni",Liceu,9,3
r-l Anenii Noi,Anenii Noi,"Liceul teoretic ""Alexandru Puºkin"" Anenii Noi",Liceu,151,64
r-l Basarabeasca,Iserlia,Gimnaziul Iserlia,Gimnaziu,22,0
r-l Basarabeasca,Sadaclia,"Liceul Teoretic ""Mihai Eminescu""",Liceu,0,0
r-l Basarabeasca,Iordanovca,Gimnaziul Iordanovca,Gimnaziu,0,0
r-l Basarabeasca,Basarabeasca,"Liceul Teoretic ""A.S. Puºkin""",Liceu,6,0
r-l Basarabeasca,Basarabeasca,"Liceul Teoretic ""N.V. Gogol""",Liceu,320,0
r-l Basarabeasca,Abaclia,"Liceul Teoretic ""Constantin Stere""",Liceu,17,1
r-l Basarabeasca,Carabetovca,"Liceul Teoretic ""ªtefan cel Mare""",Liceu,10,0
r-l Basarabeasca,Baºcalia,"Liceul teoretic ""Marcu Tarlev""",Liceu,0,0
r-l Basarabeasca,Basarabeasca,"Liceul Teoretic ""Matei Basarab""",Liceu,26,0
r-l Basarabeasca,Abaclia,Gimnaziul Abaclia,Gimnaziu,0,0
r-l Basarabeasca,Basarabeasca,"Gimnaziu ?22, Basarabeasca",Gimnaziu,0,0
r-l Briceni,Briceni,Liceul Teoretic  nr.1 Briceni,Liceu,,
r-l Briceni,Slobozia-Sirãuþi,gimnaziul  Sloboziul ªireuþi,Gimnaziu,,
r-l Briceni,Halahora de Sus,ªcoala Medie  Halahora de Sus,Scoala Medie,32,25
r-l Briceni,Sirãuþi,ªcoala Medie  ªireuþi,Scoala Medie,5,0
r-l Briceni,Criva,gimnaziul Criva,Gimnaziu,26,
r-l Briceni,Bulboaca,gimnaziul  Bulboaca,Gimnaziu,0,0
r-l Briceni,Tabani,Liceul Teoretic  Tabani,Liceu,0,0
r-l Briceni,Drepcãuþi,Liceul Teoetic Drepcauþi,Liceu,5,
r-l Briceni,S.BERLINTI,gimnaziul Berlineþ,Gimnaziu,,
r-l Briceni,Bogdaneºti,gimnaziul  Bogdaneºti,Gimnaziu,78,
r-l Briceni,Hlina,gimnaziul  Hlina,Gimnaziu,0,0
r-l Briceni,Bãlcãuþi,gimnaziul  Bãlcãuþi,Gimnaziu,2,
r-l Briceni,Briceni,"Liceul Teoretic ""Grigore Vieru"" Briceni",Liceu,6,
r-l Briceni,Pererita,"gimnaziul ""Grigore Vieru""",Gimnaziu,0,0
r-l Briceni,Cotiujeni,Liceul Teoretic Cotiujeni,Liceu,0,0
r-l Briceni,Colicãuþi,Liceul Teoretic Colicãuþi,Liceu,,
r-l Briceni,Mihãileni,gimnaziul - grãdiniþa  Mihaileni,Gimnaziu,27,
r-l Briceni,Briceni,"Liceul Teoretic ""T.ªevcenco""  Briceni",Liceu,43,
r-l Briceni,Teþcani,Liceul Teoretic  Teþcani,Liceu,12,19
r-l Briceni,Balasineºti,ªcoala Medie  Balasineºti,Scoala Medie,,
r-l Briceni,Trebisãuþi,Liceul Teoretic   Trebisauþi,Liceu,24,0
r-l Briceni,Larga,Liceul Teoretic  Larga,Liceu,13,
r-l Briceni,Lipcani,ªcoala Medie  Lipcani,Scoala Medie,0,0
r-l Briceni,Caracuºenii Vechi,Liceul Teoretic  Caracuºenii Vechi,Liceu,0,0
r-l Briceni,Corjeuþi,gimnaziul Corjeuþi,Gimnaziu,,
r-l Briceni,Corjeuþi,Liceul Teoretic Corjeuþi,Liceu,,
r-l Briceni,Beleavinþi,Liceul Teoretic  Beleavineþ,Liceu,27,3
r-l Briceni,Larga,gimnaziul Larga,Gimnaziu,0,0
r-l Cahul,Vãleni,„ªt. cel Mare”,Scoala Medie,0,0
r-l Cahul,Burlac,„N. Iorga”,Scoala Medie,0,0
r-l Cahul,Rumeanþev,Gimnaziul s. Rumeanþev,Gimnaziu,,
r-l Cahul,Borceag,„I. Creangã”,Liceu,,
r-l Cahul,Lucesti,„L. Ucrainca”,Gimnaziu,,
r-l Cahul,Cahul,„S. Rahmaninov”,Liceu,323,44
r-l Cahul,Iujnoe,ªcoala primara s. Iujnoe,Scoala Primara,,
r-l Cahul,Gãvãnoasa,„Igor Creþu”,Liceu,0,52
r-l Cahul,Lebedenco,„M. Lomonosov”,Scoala Medie,1,
r-l Cahul,Doina,„I.L. Caragiale”,Gimnaziu,14,1
r-l Cahul,Alexandru Ioan Cuza,„A. Mateevici”,Liceu,,
r-l Cahul,Lopãþica,gimnaziul s. Lopãþica,Gimnaziu,,
r-l Cahul,Cahul,„A. Donici”,Scoala Primara,3,1
r-l Cahul,Manta,„A. Mateevici”,Gimnaziu,,
r-l Cahul,Ursoaia,„A. Russo”,Gimnaziu,20,
r-l Cahul,Trifeºtii Noi,”Mircea cel Bãtrîn”,Gimnaziu,,
r-l Cahul,Tãtãreºti,„B.P. Haºdeu”,Gimnaziu,0,0
r-l Cahul,Tartaul de Salcie,„D. Cantemir”,Gimnaziu,,
r-l Cahul,Taraclia de Salcie,„V. Alecsandri”,Gimnaziu,,
r-l Cahul,Roºu,„A.I. Cuza”,Gimnaziu,3,1
r-l Cahul,Pelinei,„ªtefan cel Mare”,Gimnaziu,14,
r-l Cahul,Larga Nouã,„Alexandru cel Bun”,Gimnaziu,0,0
r-l Cahul,Slobozia Mare,„M. Eminescu”,Liceu,15,
r-l Cahul,Andruºul de Sus,„M. Sadoveanu”,Scoala Medie,1,0
r-l Cahul,Brînza,„G. Coºbuc”,Liceu,42,
r-l Cahul,Paºcani,„N. Stãnescu”,Gimnaziu,0,
r-l Cahul,Zîrneºti,„I. Creangã”,Liceu,,
r-l Cahul,Moscovei,„V. Corolenco”,Liceu,252,30
r-l Cahul,Cahul,„I. Creangã”,Liceu,36,29
r-l Cahul,Cahul,„P. Rumeanþev”,Liceu,53,28
r-l Cahul,Giurgiuleºti,„M. Sadoveanu”,Liceu,,
r-l Cahul,Burlãceni,„A.S. Puºchin”,Liceu,41,
r-l Cahul,Huluboaia,„I. Gaºec”,Gimnaziu,,
r-l Cahul,Zîrneºti,"„Constantin Dragomir""",Scoala Primara,29,0
r-l Cahul,Badicul Moldovenesc,„M. Viteazul”,Gimnaziu,3,
r-l Cahul,Cucoara,„G. Asachi”,Gimnaziu,,
r-l Cahul,Chircani,„C. Stere”,Gimnaziu,,
r-l Cahul,Cotihana,„M. Kogãlniceanu”,Gimnaziu,0,0
r-l Cahul,Cahul,„I. Vodã”,Liceu,91,163
r-l Cahul,Cahul,„M. Eminescu”,Liceu,,
r-l Cahul,Bucuria,„I. Vodã”,Gimnaziu,4,0
r-l Cãlãraºi,Petriceni,Gimnaziul Peticeni,Gimnaziu,0,0
r-l Cãlãraºi,Bahmut,Gimnaziul Bahmut,Gimnaziu,201,0
r-l Cãlãraºi,Sadova,Gimnaziul Sadova,Gimnaziu,,
r-l Cãlãraºi,Valcinet,Scoala Primara Vãlcineþ,Scoala Primara,0,0
r-l Cãlãraºi,Parcani,Gimnaziul Parcani,Gimnaziu,,
r-l Cãlãraºi,Hirbovat,Gimnaziul Hîrbovãþ,Gimnaziu,,
r-l Cãlãraºi,Cãlãraºi,Scoala Primara Cãlãraºi,Scoala Primara,13,
r-l Cãlãraºi,Meleseni,Gimnaziul Meleºeni,Gimnaziu,,
r-l Cãlãraºi,Niscani,Gimnaziul Niºcani,Gimnaziu,0,0
r-l Cãlãraºi,Temeleuti,Gimnaziul Temeleuþi,Gimnaziu,0,0
r-l Cãlãraºi,Vãrzãreºti,Gimnaziul Vãrzãreºtii Noi,Gimnaziu,0,0
r-l Cãlãraºi,Tuzara,Gimnaziul Tuzara,Gimnaziu,0,0
r-l Cãlãraºi,Cãlãraºi,Gimnaziul I. Creangã Cãlãraºi,Gimnaziu,2,0
r-l Cãlãraºi,Bravicea,"Liceul Teoretic ""ªtefan cel Mare"" Bravicea",Liceu,0,0
r-l Cãlãraºi,Cãlãraºi,Liceul Teoretic V. Alecsandri Cãlãraºi,Liceu,0,0
r-l Cãlãraºi,Bahu,Gimnaziul Bahu,Gimnaziu,0,0
r-l Cãlãraºi,Horodiste,Liceul Teoretic Horodiºte,Liceu,80,0
r-l Cãlãraºi,Sipoteni,Liceul Teoretic M. Eminescu Sipoteni,Liceu,,
r-l Cãlãraºi,Hirjauca,Liceul Teoretic Hîrjauca,Liceu,69,44
r-l Cãlãraºi,Buda,Scoala Primara Buda,Scoala Primara,,
r-l Cãlãraºi,Cãlãraºi,Liceul Teoretic M. Sadoveanu Cãlãraºi,Liceu,11,32
r-l Cãlãraºi,Cãlãraºi,Liceul Teoretic M. Lomonosov Cãlãraºi,Liceu,3,2
r-l Cãlãraºi,Oniscani,Gimnaziul Oniºcani,Gimnaziu,8,
r-l Cãlãraºi,Dereneu,Liceul Teoretic Dereneu,Liceu,17,13
r-l Cãlãraºi,Novaci,Gimnaziul Novaci,Gimnaziu,0,0
r-l Cãlãraºi,Pituºca,Liceul Teoretic Pituºca,Liceu,,
r-l Cãlãraºi,Raciula,Gimnaziul Rãciula,Gimnaziu,,
r-l Cãlãraºi,Tibirca,Liceul Teoretic Þibirica,Liceu,75,40
r-l Cãlãraºi,Radeni,Gimnaziul Rãdeni,Gimnaziu,6,0
r-l Cãlãraºi,Hirova,Gimnaziul Hirova,Gimnaziu,0,0
r-l Cãlãraºi,Valcinet,Liceul Teoretic Vãlcineþ,Liceu,0,4
r-l Cãlãraºi,Hoginesti,Gimnaziul Hogineºti,Gimnaziu,0,0
r-l Cãlãraºi,Pirjolteni,Gimnaziul Pîrjolteni,Gimnaziu,16,
r-l Cãlãraºi,Paulesti,Gimnaziul Pãuleºti,Gimnaziu,0,0
r-l Cãlãraºi,Frumoasa,Gimnaziul Frumoasa,Gimnaziu,0,0
r-l Cãlãraºi,Saseni,Liceul Teoretic Sãseni,Liceu,14,18
r-l Cantemir,Baimaclia,"Liceul teoretic "" M.Eminescu""",Liceu,,
r-l Cantemir,Stoianovca,Gimnaziul Stoianovca,Gimnaziu,,
r-l Cantemir,Suhat,Gimnaziul Suhat,Gimnaziu,0,0
r-l Cantemir,Þãrãncuþa,Gimnaziul Þãrãncuþa,Gimnaziu,0,0
r-l Cantemir,Tartaul,Gimnaziul Tartaul,Gimnaziu,92,0
r-l Cantemir,Þiganca,"Gimnaziul ""I.Cojocaru""",Gimnaziu,,
r-l Cantemir,Þolica,Gimnaziul Þolica,Gimnaziu,30,0
r-l Cantemir,Viºniovca,Gimnaziul Viºniovca,Gimnaziu,,
r-l Cantemir,ªamalia,Gimnaziul ªamalia,Gimnaziu,,
r-l Cantemir,Lãrguþa,Gimnaziul Lãrguþa,Gimnaziu,,
r-l Cantemir,Coºtangalia,Gimnaziul Coºtangalia,Gimnaziu,,
r-l Cantemir,Cantemir,"Liceul teoretic ""D.Cantemir""",Liceu,88,107
r-l Cantemir,Capaclia,gimnaziu Capaclia,Gimnaziu,,
r-l Cantemir,Toceni,Gimnaziul Toceni,Gimnaziu,51,
r-l Cantemir,Pleºeni,"Gimnaziul ""M. Sadoveanu""",Gimnaziu,0,0
r-l Cantemir,Cania,"liceu teoretic ""I.Creangã""",Liceu,98,0
r-l Cantemir,Ciobalaccia,Liceul teoretic Ciobalaccia,Liceu,15,30
r-l Cantemir,Cîietu,gimnaziu Cîietu,Gimnaziu,65,0
r-l Cantemir,Leca,ªcoalã primarã Leca,Scoala Primara,,
r-l Cantemir,Cociulia,"Liceul teoretic ""V.Hanganu""",Liceu,8,4
r-l Cantemir,Sadîc,"ªcoala medie ""Sadîc""",Scoala Medie,0,21
r-l Cantemir,Porumbeºti,Gimnaziul Porumbeºti,Gimnaziu,,
r-l Cantemir,Acui,Gimnaziul Acui,Gimnaziu,0,0
r-l Cantemir,Antoneºti,Gimnaziul Antonesti,Gimnaziu,,
r-l Cantemir,Cantemir,"Gimnaziul ""M.Eminescu""",Gimnaziu,7,24
r-l Cantemir,Chioselia,"Gimnaziul ""Nicolae Botgros""",Gimnaziu,1,
r-l Cantemir,Cîrpeºti,Gimnaziul Cirpesti,Gimnaziu,0,0
r-l Cantemir,Enichioi,Gimnaziul Enhichioi,Gimnaziu,0,0
r-l Cantemir,Flocoasa,Gimnaziul Flocoasa,Gimnaziu,0,0
r-l Cantemir,Ghioltosu,Gimnaziul Ghioltosu,Gimnaziu,0,0
r-l Cantemir,Haragîs,Gimnaziul Haragîº,Gimnaziu,,
r-l Cantemir,Lingura,Gimnaziul Lingura,Gimnaziu,0,0
r-l Cantemir,Cîºla,Gimnaziul Cîºla,Gimnaziu,0,0
r-l Cantemir,Goteºti,"Liceul teoretic ""V.Parvan""",Liceu,120,45
r-l Cantemir,Cantemir,"Liceul teoretic ""A.Puskin""",Liceu,32,0
r-l Cantemir,Plopi,Gimnaziul Plopi,Gimnaziu,12,82
r-l Cãuºeni,Cãuºeni,"LICEUL TEORETIC ""M. EMINESCU""",Liceu,145,30
r-l Cãuºeni,Cîrnãþeni,"LICEUL TEORETIC ""Gr. GRIGORIU""",Liceu,42,
r-l Cãuºeni,Fîrlãdeni,"LICEUL TEORETIC ""M.SADOVEANU""",Liceu,168,0
r-l Cãuºeni,Chircãieºti,"LICEUL TEORETIC ""M. VITEAZUL""",Liceu,,2
r-l Cãuºeni,Cãuºeni,"LICEUL TEORETIC ""I. CREANGÃ""",Liceu,5,7
r-l Cãuºeni,Cãuºeni,"LICEUL TEORETIC ""D. CANTEMIR""",Liceu,,
r-l Cãuºeni,Baccealia,"GIMNAZIUL ""GRIGORE VIERU""",Gimnaziu,,
r-l Cãuºeni,Cãuºeni,"LICEUL TEORETIC ""A. PUªKIN""",Liceu,,
r-l Cãuºeni,Cãuºeni,"LICEUL TEORETIC ""A. MATEEVICI""",Liceu,4,3
r-l Cãuºeni,Grigorievca,GIMNAZIUL GRIGORIEVCA,Gimnaziu,0,0
r-l Cãuºeni,Zaim,"LICEUL TEORETIC ""A. MATEEVICI""",Liceu,5,11
r-l Cãuºeni,Sãlcuþa,"LICEUL TEORETIC ""M. MANOLE""",Liceu,2,2
r-l Cãuºeni,Hagimus,"ªCOALA MEDIE ""IOAN VODÃ""",Scoala Medie,55,
r-l Cãuºeni,Opaci,ªCOALA MEDIE OPACI,Scoala Medie,0,0
r-l Cãuºeni,Sãiþi,"GIMNAZIUL ""SÃIÞI""",Gimnaziu,,
r-l Cãuºeni,Tanatari,"LICEUL TEORETIC ""P. ERHAN""",Liceu,42,1
r-l Cãuºeni,Tocuz,GIMNAZIUL TOCUZ,Gimnaziu,,
r-l Cãuºeni,Ursoaia,GIMNAZIUL URSOAIA,Gimnaziu,,
r-l Cãuºeni,Baimaclia,"GIMNAZIUL ""V. HARNAJ""",Gimnaziu,,
r-l Cãuºeni,Coºcalia,GIMNAZIUL COªCALIA,Gimnaziu,,30
r-l Cãuºeni,Cîrnãþenii Noi,GIMNAZIUL CÎRNÃÞENII NOI,Gimnaziu,36,
r-l Cãuºeni,Ciufleºti,GIMNAZIUL CIUFLEªTI,Gimnaziu,,
r-l Cãuºeni,Surchiceni,GIMNAZIUL SURCHICENI,Gimnaziu,0,0
r-l Cãuºeni,Copanca,"LICEUL TEORETIC ""PROMETEU""",Liceu,10,1
r-l Cãuºeni,Cãinari,"LICEUL TEORETIC ""A. MATEEVICI""",Liceu,0,98
r-l Cãuºeni,Taraclia,"LICEUL TEORETIC ""ªTEFEN CEL MARE ªI SFÎNT""",Liceu,23,6
r-l Cãuºeni,Ucrainca,ªCOLA MEDIE UCRAINCA,Scoala Medie,,
r-l Cãuºeni,Plop-ªtiubei,GIMNAZIUL PLOP-ªTIUBEI,Gimnaziu,,
r-l Cãuºeni,Grãdiniþa,GIMNAZIUL GRÃDINIÞA,Gimnaziu,,
r-l Cãuºeni,Sãlcuþa,GIMNAZIUL SÃLCUÞA,Gimnaziu,,
r-l Cãuºeni,Constantinovca,GIMNAZIUL CONSTANTINOVCA,Gimnaziu,0,
r-l Cimiºlia,Javgur,Gimnaziu Javgur,Gimnaziu,20,
r-l Cimiºlia,Batîr,Liceul Teoretic Batîr,Liceu,,
r-l Cimiºlia,Mihailovca,"Liceul Teoretic ""ªtefan cel Mare""",Liceu,5,19
r-l Cimiºlia,Sagaidac,Gimnaziul Sagaidac,Gimnaziu,,
r-l Cimiºlia,Cenac,Gimnaziu Cenac,Gimnaziu,0,0
r-l Cimiºlia,Gura Galbenei,Liceul Teoretic Gura Galbenei,Liceu,0,0
r-l Cimiºlia,Satul Nou,Gimnaziu Satul Nou,Gimnaziu,,
r-l Cimiºlia,Hîrtop,Gimnaziu Hirtop,Gimnaziu,,
r-l Cimiºlia,Lipoveni,LT Lipoveni,Liceu,49,
r-l Cimiºlia,Iurevca,Gimnaziu Iurevca,Gimnaziu,,
r-l Cimiºlia,Ciucur-Mingir,"Gimnaziu ""Liuba Dimitriu""",Gimnaziu,,
r-l Cimiºlia,Ecaterinovca,"Gimnaziu ""Iulia Haºdeu""",Gimnaziu,,
r-l Cimiºlia,Cimiºlia,"Liceul Teoretic ""Mihai  Eminescu""",Liceu,,3
r-l Cimiºlia,Cimiºlia,"Liceul Teoretic ""Alexandr Puºkin""",Liceu,20,73
r-l Cimiºlia,Cimiºlia,"Liceul Teoretic ""Ion Creangã""",Liceu,13,8
r-l Cimiºlia,Ialpugeni,"Gimnaziu ""Dimitrie Cantemir""",Gimnaziu,70,5
r-l Cimiºlia,Maximeni,Gimnaziu Maximeni,Gimnaziu,,
r-l Cimiºlia,Suric,Gimnaziu Suric,Gimnaziu,,
r-l Cimiºlia,Codreni,Gimnaziu Codreni,Gimnaziu,25,
r-l Cimiºlia,Coºtangalia,"Gimnaziu ""Mihai Eminescu""",Gimnaziu,,
r-l Cimiºlia,Bogdanovca Veche,Gimnaziu Bogdanovca,Gimnaziu,4,
r-l Cimiºlia,Albina,Gimnaziu Albina,Gimnaziu,,
r-l Cimiºlia,Troiþcoe,Liceul Teoretic Troiþcoe,Liceu,,
r-l Cimiºlia,Mereni,Gimnaziu Mereni,Gimnaziu,,
r-l Cimiºlia,Porumbrei,Gimnaziu Porumbrei,Gimnaziu,29,
r-l Cimiºlia,Ivanovca Nouã,Gimnaziu Ivanovca Noua,Gimnaziu,0,0
r-l Cimiºlia,Dimitrovca,Scoala Primara Dimitrovca,Scoala Primara,,
r-l Cimiºlia,Cimiºlia,"Liceul Teoretic  ""Mihai Viteazul""",Liceu,,15
r-l Cimiºlia,Topala,Gimnaziu Topala,Gimnaziu,,
r-l Cimiºlia,Ialpug,Gimnaziu Ialpug,Gimnaziu,5,
r-l Cimiºlia,Gradiºte,Gimnaziul Gradiste,Gimnaziu,0,1
r-l Cimiºlia,Selemet,"Liceul Teoretic ""Sergiu Coipan""",Liceu,7,2
r-l Cimiºlia,Valea Perjei,Gimnaziu Valea Perjei,Gimnaziu,,
r-l Cimiºlia,Cimiºlia,Gimnaziul Cimiºlia,Gimnaziu,,
r-l Criuleni,Zaicana,Gimnaziul Zãicana,Gimnaziu,,
r-l Criuleni,Criuleni,ºcoala primarã Criuleni,Scoala Primara,12,8
r-l Criuleni,Dubãsarii Vechi,ºcoala primarã Dubãsarii Vechi,Scoala Primara,,
r-l Criuleni,Dolinnoe,Gimnaziul Dolinnoe,Gimnaziu,18,
r-l Criuleni,Ratuº,Gimnaziul Ratuº,Gimnaziu,0,0
r-l Criuleni,Oniþcani,Liceul Teoretic Oniþcani,Liceu,45,
r-l Criuleni,Mãlãieºti,Liceul Teoretic Mãlãieºti,Liceu,402,
r-l Criuleni,Cruglic,Liceul Teoretic Cruglic,Liceu,58,4
r-l Criuleni,Hîrtopul Mic,Liceul Teoretic Hîrtopul Mic,Liceu,,2
r-l Criuleni,Maºcãuþi,"Liceul Teoretic "" Ion Sîrbu""",Liceu,,
r-l Criuleni,Criuleni,"Liceul Teoretic "" Boris Dânga""Criuleni",Liceu,49,24
r-l Criuleni,Dubãsarii Vechi,"Liceul Teoretic "" Nicolai Donici""",Liceu,18,
r-l Criuleni,S.JEVRENI,"Liceul Teoretic "" Mihai Eminescu""",Liceu,38,
r-l Criuleni,Iºnovãþ,Gimnaziul Iºnovãþ,Gimnaziu,,
r-l Criuleni,Bãlãbãneºti,Gimnaziul Bãlãbãneºti,Gimnaziu,,
r-l Criuleni,Coºerniþa,Gimnaziul Coºerniþa,Gimnaziu,,
r-l Criuleni,Maºcãuþi,Gimnaziul Mãºcãuþi,Gimnaziu,,
r-l Criuleni,Ohrincea,Gimnaziul Ohrincea,Gimnaziu,0,0
r-l Criuleni,Paºcani,Gimnaziul Paºcani,Gimnaziu,,
r-l Criuleni,Rãculeºti,Gimnaziul Rãculeºti,Gimnaziu,,
r-l Criuleni,Rîºcova,Gimnaziul Rîºcova,Gimnaziu,,
r-l Criuleni,Drasliceni,ªcoala medie Drãsliceni,Scoala Medie,19,0
r-l Criuleni,Micleºti,ªcoala medie Micleºti,Scoala Medie,4,0
r-l Criuleni,Izbiºte,Gimnaziul Izbiºte,Gimnaziu,,
r-l Criuleni,Hrusova,ªcoala medie Hruºevo,Scoala Medie,5,
r-l Criuleni,Mãgdãceºti,Liceul Teoretic Mãgdãceºti,Liceu,208,
r-l Criuleni,Hîrtopul Mare,Gimnaziul Hîrtopul Mare,Gimnaziu,0,0
r-l Criuleni,Steþcani,Gimnaziul Steþcani,Gimnaziu,4,0
r-l Criuleni,Criuleni,gimnaziul Criuleni,Gimnaziu,1,0
r-l Criuleni,Corjova,Gimnaziul Corjova,Gimnaziu,,
r-l Criuleni,Bãlþata,gimnaziul Bãlþata,Gimnaziu,44,9
r-l Criuleni,Boºcana,Liceul Teoretic  Boºcana,Liceu,10,41
r-l Criuleni,Slobozia-Duºca,Gimnaziul Slobozia Duºca,Gimnaziu,,
r-l Criuleni,Cimiºeni,Liceul Teoretic Cimiºeni,Liceu,0,0
r-l Donduºeni,Sudarca,"Liceul teoretic ""M. Eminescu""",Liceu,36,6
r-l Donduºeni,Scãieni,gimnaziul Scãieni,Gimnaziu,0,0
r-l Donduºeni,Rediul Mare,gimnaziul Rediul Mare,Gimnaziu,0,0
r-l Donduºeni,Pocrovca,gimnaziul Pocrovca,Gimnaziu,0,0
r-l Donduºeni,Plop,gimnaziul Plop,Gimnaziu,0,0
r-l Donduºeni,Pivniceni,gimnaziul Pivniceni,Gimnaziu,0,0
r-l Donduºeni,Frasin,gimnaziul Frasin,Gimnaziu,18,
r-l Donduºeni,Elizavetovca,gimnaziul Elizavetovca,Gimnaziu,8,1
r-l Donduºeni,Donduºeni,gimnaziul Donduºeni,Gimnaziu,0,0
r-l Donduºeni,Corbu,gimnaziul Corbu,Gimnaziu,,1
r-l Donduºeni,Climãuþi,gimnaziul Climãuþi,Gimnaziu,0,0
r-l Donduºeni,Teleºeuca,gimnaziul Teleºeuca,Gimnaziu,1,0
r-l Donduºeni,Þaul,Gimnaziul Þaul,Gimnaziu,0,0
r-l Donduºeni,Criºcãuþi,gimnaziul Criºcãuþi,Gimnaziu,3,0
r-l Donduºeni,Moºana,ªcoala medie Moºana,Scoala Medie,0,0
r-l Donduºeni,Cernoleuca,"Liceul Teoretic ""I. Vieru""",Liceu,4,0
r-l Donduºeni,Donduºeni,"Liceul Teoretic ""A. Puºkin""",Liceu,5,22
r-l Donduºeni,Donduºeni,"Liceul teoretic ""Gaudeamus""",Liceu,4,6
r-l Donduºeni,Baraboi,"Liceul teoretic ""Prometeu""",Liceu,0,0
r-l Donduºeni,Braicãu,ªcoala primarã Braicãu,Scoala Primara,0,0
r-l Donduºeni,Arioneºti,"Liceul teoretic ""Perspectiva""",Liceu,0,6
r-l Donduºeni,Donduºeni,"Liceul teoretic ""A. Mateevici""",Liceu,58,
r-l Donduºeni,Tîrnova,"Liceul teoretic ""C.Negruzzi""",Liceu,28,12
r-l Donduºeni,Briceni,"gimnaziul ""M. Topalã""",Gimnaziu,0,0
r-l Donduºeni,Codrenii Noi,gimnaziul Codrenii Noi,Gimnaziu,,3
r-l Drochia,Drochia,B. P. Hasdeu,Liceu,9,119
r-l Drochia,Þarigrad,auxiliar Þarigrad,Gimnaziu,17,66
r-l Drochia,Maramonovca,Maramonovca,Gimnaziu,0,0
r-l Drochia,Cotova,Cotova,Liceu,23,0
r-l Drochia,Nicoreni,Nicoreni,Gimnaziu,0,0
r-l Drochia,Pelinia,teoretic Pelinia,Liceu,0,0
r-l Drochia,Sofia,Viorel Cantemir,Liceu,0,0
r-l Drochia,Hãsnãºenii Mari,Hãsnãºenii Mari,Gimnaziu,0,0
r-l Drochia,Drochia,M. Eminescu,Liceu,18,3
r-l Drochia,Ochiul Alb,Nicolae Testemiþanu,Liceu,2,0
r-l Drochia,Dominteni,Boris Coºciuc,Gimnaziu,4,0
r-l Drochia,Popeºtii de Sus,Ion Creanga,Liceu,0,0
r-l Drochia,Pelinia,Pelinia,Gimnaziu,0,0
r-l Drochia,Mîndîc,Mîndîc,Gimnaziu,0,0
r-l Drochia,Drochia,Dumitru Roman,Gimnaziu,0,0
r-l Drochia,Þarigrad,Þarigrad,Liceu,2,21
r-l Drochia,Gribova,Gribova,Gimnaziu,1,0
r-l Drochia,Chetrosu,V. Coþofanã,Liceu,0,0
r-l Drochia,Chetrosu,Dumitru Bunescu,Gimnaziu,0,0
r-l Drochia,ªuri,Viorel Cibanu,Liceu,5,0
r-l Drochia,Antoneuca,Antoneuca,Scoala Primara,0,0
r-l Drochia,Drochia,rus nr. 3,Liceu,17,35
r-l Drochia,Hãsnãºenii Noi,Vasile Bejenaru,Gimnaziu,0,0
r-l Drochia,Lazo,Lazo,Gimnaziu,0,0
r-l Drochia,Baroncea,Baroncea,Gimnaziu,0,0
r-l Drochia,Zguriþa,Zgurita,Gimnaziu,0,0
r-l Drochia,Popeºtii de Jos,Popestii de Jos,Gimnaziu,0,0
r-l Drochia,Þarigrad,Ion Creangã,Gimnaziu,0,0
r-l Drochia,Drochia,Gimnaziul internat de tip sanatorial pentru copii cu boli psihoneurologice,Gimnaziu,0,113
r-l Drochia,Pervomaiscoe,Pervomaiscoe,Gimnaziu,0,0
r-l Drochia,Moara de Piatra,Moarã de Piatrã,Gimnaziu,0,0
r-l Drochia,Sofia,Sofia,Gimnaziu,0,0
r-l Drochia,Drochia,ªtefan cel Mare,Liceu,0,4
r-l Drochia,Miciurin,Miciurin,Gimnaziu,0,0
r-l Drochia,ªalvirii Vechi,ªalvirii Vechi,Gimnaziu,25,0
r-l Drochia,ªalvirii Noi,ªalvirii Noi,Gimnaziu,35,0
r-l Drochia,Mãcãreuca,Mãcãreuca,Gimnaziu,0,0
r-l Drochia,Fîntîniþa,Fîntîniþa,Gimnaziu,0,0
r-l Drochia,Drochia,Nr 2,Gimnaziu,51,0
r-l Dubãsari,S.ROGHI,Roghi,Gimnaziu,,
r-l Dubãsari,S.MARCAUTI,Marcãuþi,Gimnaziu,,
r-l Dubãsari,S.CORJOVA,"Dubãsari ""Mihai Eminescu""",Liceu,341,234
r-l Dubãsari,S.MOLOVATA NOUA,Molovata Nouã,Gimnaziu,,
r-l Dubãsari,S.COCIERI,Cocieri,Liceu,,
r-l Dubãsari,S.POHREBEA,Pohrebea,Gimnaziu,,
r-l Dubãsari,S.COSNITA,Coºniþa,Liceu,23,9
r-l Dubãsari,S.CORJOVA,Corjova,Gimnaziu,81,
r-l Dubãsari,S.MOLOVATA,"Molovata ""ªtefan cel Mare""",Liceu,,
r-l Dubãsari,S.DOROTCAIA,"Grigoriopol ""ªtefan cel Mare ºi sfînt""",Liceu,,
r-l Dubãsari,S.OXENTEA,Oxentea,Gimnaziu,,
r-l Dubãsari,S.DOROTCAIA,Doroþcaia,Liceu,409,5
r-l Dubãsari,S.PIRITA,Pîrîta,Gimnaziu,,
r-l Dubãsari,S.USTIA,Ustia,Gimnaziu,,
r-l Dubãsari,S.HOLERCANI,Holercani,Liceu,,21
r-l Edineþ,Edineþ,"Liceul Teoretic ""V.Suhomlinski""",Liceu,,7
r-l Edineþ,Hincãuþi,Gimnaziul Hincãuþi,Gimnaziu,14,3
r-l Edineþ,Rotunda,Gimnaziul Rotunda,Gimnaziu,0,0
r-l Edineþ,Sofrincani,ªofrîncani,Gimnaziu,0,0
r-l Edineþ,Corpaci,Corpaci,Gimnaziu,0,0
r-l Edineþ,Terebna,Terebna,Gimnaziu,0,0
r-l Edineþ,Fîntîna Albã,Fîntîna Albã,Gimnaziu,1,0
r-l Edineþ,Brãtuºeni,"Liceul Teoretic ""Bratuseni""",Liceu,23,0
r-l Edineþ,Brînzeni,"Liceul Teoretic ""Vasile Stroiescu""",Liceu,0,26
r-l Edineþ,Edineþ,Scoala Medie nr1,Scoala Medie,6,10
r-l Edineþ,Gordineºti,Liceul Teoretic Gordineºti,Liceu,0,52
r-l Edineþ,Cupcini,"Liceul Teoretic ""Mihai Sadoveanu """,Liceu,16,12
r-l Edineþ,Zabriceni,Liceul Teoretic Zãbriceni,Liceu,43,10
r-l Edineþ,Ruseni,ªcoala Medie Ruseni,Scoala Medie,0,0
r-l Edineþ,Trinca,Liceul Teoretic Trinca,Liceu,13,0
r-l Edineþ,Feteºti,Liceul Teoretic Feteºti,Liceu,4,0
r-l Edineþ,Parcova,Gimnaziul Parcova,Gimnaziu,0,0
r-l Edineþ,Cuconestii Noi,Gimnaziul Cuconeºtii Noi,Gimnaziu,0,0
r-l Edineþ,Hancãuti,Hancãuþi,Gimnaziu,0,0
r-l Edineþ,Hlinaia,ªcoala Medie Hlinaia,Scoala Medie,0,0
r-l Edineþ,Cepeleuþi,Gimnaziul Cepeliuti,Gimnaziu,39,0
r-l Edineþ,Alexandreni,gimnaziul Vasile Rosca,Gimnaziu,2,0
r-l Edineþ,Bleºteni,Blesteni,Gimnaziu,0,0
r-l Edineþ,Bãdragii Noi,Gimnaziul Badragii Noi,Gimnaziu,0,0
r-l Edineþ,Oneºti,Onesti,Gimnaziu,0,0
r-l Edineþ,Brãtuºenii Noi,Gimnaziul Bratusenii Noi,Gimnaziu,0,0
r-l Edineþ,Bãdragii Vechi,Gimnaziul Bãdragii Vechi,Gimnaziu,0,0
r-l Edineþ,Cupcini,Gimnaziul Cupcini,Gimnaziu,0,0
r-l Edineþ,Edineþ,"Liceul Teoretic ""Dmitrie Cantemir""",Liceu,1,18
r-l Edineþ,Lopatnic,Gimnaziul Lopatnic,Gimnaziu,0,0
r-l Edineþ,Cupcini,"Liceul Teoretic ""Sofia Kovalevski""",Liceu,0,5
r-l Edineþ,Chiurt,Gimnaziul Chiurt,Gimnaziu,0,0
r-l Edineþ,Constantinovca,Gimnaziul Constantinovca,Gimnaziu,5,0
r-l Edineþ,Gaºpar,Gimnaziul Gaspar,Gimnaziu,0,0
r-l Edineþ,Stolniceni,Gimnaziul Stolniceni,Gimnaziu,0,0
r-l Edineþ,Viiºoara,Gimnaziul Viisoara,Gimnaziu,0,0
r-l Edineþ,Tîrnova,Gimnaziul Tîrnova,Gimnaziu,0,0
r-l Edineþ,Alexeevca,Gimnaziul Alexeevca,Gimnaziu,0,0
r-l Edineþ,Edineþ,"Liceul Teoretic ""Mihai Eminescu""",Liceu,4,7
r-l Edineþ,Edineþ,"Liceul Teoretic ""Pan Halippa""",Liceu,0,0
r-l Edineþ,Goleni,Goleni,Gimnaziu,0,2
r-l Edineþ,Chetroºica Nouã,Gimnaziul Chetrosica Noua,Gimnaziu,0,0
r-l Fãleºti,Fãleºti,"Liceul  Teoretic  ""A. Puºkin""",Liceu,0,20
r-l Fãleºti,Catranîc,Gimnaziul  Gara Catranic,Gimnaziu,11,
r-l Fãleºti,Fãleºti,"Liceul Teoretic""Mihai  Eminescu""",Liceu,32,83
r-l Fãleºti,Cãlugãr,Gimnaziul   Cãlugãr,Gimnaziu,91,
r-l Fãleºti,Bocani,Gimnaziul Bocani,Gimnaziu,,
r-l Fãleºti,Doltu,Gimnaziul Doltu,Gimnaziu,2,
r-l Fãleºti,Fãleºti,Gimnaziul  Nr.4 Fãleºti,Gimnaziu,,
r-l Fãleºti,Ciolacu Vechi,Gimnaziul Ciolacu Vechi,Gimnaziu,,
r-l Fãleºti,Hiliuþi,Gimnaziul  Hiliuþi,Gimnaziu,11,0
r-l Fãleºti,Obreja Nouã,Gimnaziul Obreja Noua,Gimnaziu,,
r-l Fãleºti,Fãleºti,"Liceul Teoretic "" Ion Creangã """,Liceu,,
r-l Fãleºti,Fãgãdãu,Gimnaziul  Fãgãdãu,Gimnaziu,,
r-l Fãleºti,Valea Rusului,Gimnaziul Valea Rusului,Gimnaziu,5,1
r-l Fãleºti,Pompa,Gimnaziul Pompa,Gimnaziu,20,0
r-l Fãleºti,Logofteni,Gimnaziul Logofteni,Gimnaziu,,
r-l Fãleºti,Taxobeni,Gimnaziul Taxobeni,Gimnaziu,,
r-l Fãleºti,Pînzãreni,"Gimnaziul  Pînzãreni ""Nicolaie Dabija""",Gimnaziu,0,0
r-l Fãleºti,Suvorovca,Gimnaziul  Suvorovca,Gimnaziu,0,0
r-l Fãleºti,Iºcãlãu,Gimnaziul  Iºcalãu,Gimnaziu,2,0
r-l Fãleºti,Fãleºti,Gimnaziul  Internat orfani,Gimnaziu,0,
r-l Fãleºti,Burghelea,Gimnaziul Burghelea,Gimnaziu,,
r-l Fãleºti,Nãvîrneþ,"Liceul Teoretic ""ªtefan cel Mare ºi Sfînt""",Liceu,0,0
r-l Fãleºti,Fãleºti,Gimnaziu Fabr.Zah. nr.3,Gimnaziu,0,0
r-l Fãleºti,Obreja Veche,ªcoala Medie Obreja Veche,Scoala Medie,0,0
r-l Fãleºti,Horeºti,ªcoala Medie Horeºti,Scoala Medie,0,24
r-l Fãleºti,Fãleºtii Noi,Gimnaziu Fãleºtii Noi,Gimnaziu,9,
r-l Fãleºti,Izvoare,ªcoala Medie Izvoare,Scoala Medie,0,0
r-l Fãleºti,Egorovca,Gimnaziu Egorovca,Gimnaziu,,
r-l Fãleºti,Pruteni,Gimnaziul Pruteni,Gimnaziu,44,22
r-l Fãleºti,Hînceºti,Gimnaziul Hînceºti,Gimnaziu,3,0
r-l Fãleºti,Albineþul Vechi,Liceul Teoretic  Albineþul Vechi,Liceu,55,15
r-l Fãleºti,Chetriº,Gimnaziul  Chetriº,Gimnaziu,,
r-l Fãleºti,Cãlineºti,Liceul Teoretic Cãlineºti,Liceu,0,0
r-l Fãleºti,Glinjeni,"Liceul Teoretic ""Mihai Corlãteanu"" Glingeni",Liceu,0,0
r-l Fãleºti,Pîrliþa,"Liceul Teoretic ""D.Cantemir""",Liceu,0,0
r-l Fãleºti,Hitreºti,Gimnaziul Hitreºti,Gimnaziu,0,0
r-l Fãleºti,Sarata Noua,Gimnaziul Sarata Nouã,Gimnaziu,0,0
r-l Fãleºti,Ilenuþa,Gimnaziul Ilenuþa,Gimnaziu,,
r-l Fãleºti,Pietrosu,Gimnaziul  Pietrosu,Gimnaziu,16,0
r-l Fãleºti,Sãrata Veche,"Liceul Teoretic ""Grighore Vieru"" Sarata Veche",Liceu,1,0
r-l Fãleºti,Ciolacu Nou,gimnaziu Ciolacu Nou,Gimnaziu,,
r-l Fãleºti,Moldoveanca,Gimnaziul Moldoveanca,Gimnaziu,,
r-l Fãleºti,Scumpia,"Liceul Teoretic ""V.Alecsandri"" Scumpia",Liceu,56,
r-l Fãleºti,Risipeni,"Liceul Teoretic ""D.Gherman"" Risipeni",Liceu,0,0
r-l Fãleºti,Catranîc,"Liceul Teoretic ""E.Coºeriu"" Catranîc",Liceu,71,20
r-l Fãleºti,Rãuþel,"Liceul Teoretic ""A.Mateevici""",Liceu,,
r-l Fãleºti,Marandeni,Liceul Teoretic Marandeni,Liceu,,
r-l Fãleºti,Popovca,Gimnaziu Popovca,Gimnaziu,0,0
r-l Fãleºti,Musteata,Gimnaziu Musteaþa,Gimnaziu,2,0
r-l Floreºti,Iliciovca,ª. M. Iliciovca,Scoala Medie,0,0
r-l Floreºti,or.Floreºti,"Liceul Teoretic  ""Ion Creangã""",Liceu,58,93
r-l Floreºti,Gvozdova,Gimnaziul Gvozdova,Gimnaziu,0,0
r-l Floreºti,Domulgeni,Gimnaziul Domulgeni,Gimnaziu,0,0
r-l Floreºti,Coºerniþa,Gimnaziul Coºerniþa,Gimnaziu,0,0
r-l Floreºti,Dumitreni,Gimnaziul Dumitreni,Gimnaziu,0,0
r-l Floreºti,Nicolaevca,Gimnaziul Nicolaevca,Gimnaziu,84,13
r-l Floreºti,Gura Cãinarului,Gimnaziul Gura Cãinarului,Gimnaziu,0,0
r-l Floreºti,Sãnãtãuca,"Liceul  Teoretic ""Alexei Mateevici""",Liceu,34,19
r-l Floreºti,Ghindeºti,"Liceul  Teoretic ""Mihai  Eminescu""",Liceu,50,5
r-l Floreºti,Alexeevca,Gimnaziul Alexeevca,Gimnaziu,8,1
r-l Floreºti,Tîrgul-Vertiujeni,ª. M- Tîrgul Vertiujeni,Scoala Medie,16,0
r-l Floreºti,Caºunca,Gimnaziul Caºunca,Gimnaziu,0,0
r-l Floreºti,Cerniþa,Gimnaziul Cerniþa,Gimnaziu,0,0
r-l Floreºti,Cuhureºtii de Sus,Liceul  Teoretic Cuhureºtii de Sus,Liceu,119,32
r-l Floreºti,S.GURA CAMENCII,Gimnaziul  Gura Camencii,Gimnaziu,0,0
r-l Floreºti,Ciripcãu,Gimnaziul Ciripcãu,Gimnaziu,0,0
r-l Floreºti,Ciutuleºti,ªcoala Medie Ciutuleºti,Scoala Medie,0,0
r-l Floreºti,Cenuºa,Gimnaziul Cenuºa,Gimnaziu,0,0
r-l Floreºti,or.Floreºti,"Liceul Teoretic ""Miron Costin""",Liceu,64,57
r-l Floreºti,Cunicea,Liceul  Teoretic Cunicea,Liceu,0,0
r-l Floreºti,Bahrineºti,ªcoala Medie Bahrîneºti,Scoala Medie,0,0
r-l Floreºti,Frumuºica,Liceul  Teoretic Frumuºica,Liceu,92,0
r-l Floreºti,or.Floreºti,ªcoala primarã Floreºti,Scoala Primara,0,0
r-l Floreºti,or.Floreºti,"Liceul  Teoretic  ""Anton Cehov""",Liceu,6,23
r-l Floreºti,Nãpadova,Gimnaziul-grãdiniþã Napadova,Gimnaziu,0,0
r-l Floreºti,Vãrvãreuca,ª. M. Vãrvãreuca,Scoala Medie,0,0
r-l Floreºti,Ion-Voda,Gimnaziul Ion Vodã,Gimnaziu,0,0
r-l Floreºti,Cuhureºtii de Jos,ª. M. Cuhureºtii de Jos,Scoala Medie,0,0
r-l Floreºti,Lunga,Gimnayiul Lunga,Gimnaziu,0,0
r-l Floreºti,Sevirova,Gimnaziul Sevirova,Gimnaziu,4,0
r-l Floreºti,Sîrbeºti,Gimnaziul Serbeºti,Gimnaziu,0,0
r-l Floreºti,Trifãneºti,Gimnaziul Trifãneºti,Gimnaziu,1,0
r-l Floreºti,Temeleuþi,Gimnaziul Temeleuþi,Gimnaziu,0,0
r-l Floreºti,Japca,ª. M. Japca,Scoala Medie,16,0
r-l Floreºti,or.Floreºti,"Liceul Teoretic ""Mihai  Eminescu""",Liceu,57,71
r-l Floreºti,Vertiujeni,Gimnaziul Vertiujeni,Gimnaziu,0,0
r-l Floreºti,or.Mãrculeºti,"Liceul  Teoretic ""Vasile Alecsandri""",Liceu,312,42
r-l Floreºti,Hîrtop,Gimnaziul Hîrtop,Gimnaziu,0,0
r-l Floreºti,Zãluceni,Gimnaziul Zãluceni,Gimnaziu,0,0
r-l Floreºti,Bursuc,ªcoala primarã Bursuc,Scoala Primara,0,0
r-l Floreºti,Stefãneºti,Liceul Teoretic ªtefãneºti,Liceu,59,0
r-l Floreºti,Rãdulenii Vechi,ª. M. Rãdulenii Vechi,Scoala Medie,0,0
r-l Floreºti,Rosietici,ª. M. Roºietici,Scoala Medie,0,0
r-l Floreºti,Prajila,ª. M. Prajila,Scoala Medie,0,32
r-l Floreºti,Prodãneºti,Gimnaziul  Prodãneºti,Gimnaziu,177,0
r-l Floreºti,Putineºti,Gimnaziul  Putineºti,Gimnaziu,0,0
r-l Floreºti,Nãpadova,Gimnaziul Internat Napadova,Gimnaziu,0,0
r-l Floreºti,Vãscãuþi,Gimnaziul Internat Vãscãuþi,Gimnaziu,0,0
r-l Floreºti,Ivanovca,Gimnaziul Ivanovca,Gimnaziu,0,0
r-l Floreºti,Izvoare,Gimnaziul Izvoare,Gimnaziu,0,0
r-l Floreºti,Bobuleºti,ªcoala primarã Bobuleºti,Scoala Primara,0,0
r-l Floreºti,Vãscãuþi,Gimnaziul Vãscãuþi,Gimnaziu,14,0
r-l Glodeni,Ciuciulea,Liceul Teoretic Ciuciulea,Liceu,0,0
r-l Glodeni,Iabloana,Gimnaziu Iabloana rus,Gimnaziu,0,0
r-l Glodeni,Glodeni,"Liceul Teoretic ""Dmitrie Cantemir""",Liceu,3,
r-l Glodeni,Sturzovca,Gimnaziu Sturzovca,Gimnaziu,0,0
r-l Glodeni,Glodeni,Liceul Teoretic V. Coroban Glodeni,Liceu,7,0
r-l Glodeni,Glodeni,"Liceul Teoretic ""Lev Tolstoi"" Glodeni",Liceu,22,0
r-l Glodeni,Balatina,Liceul Teoretic Balatina,Liceu,22,0
r-l Glodeni,S.CUHNESTI,Liceul Teoretic Cuhneºti,Liceu,25,4
r-l Glodeni,Cobani,Liceul Teoretic Cobani,Liceu,13,0
r-l Glodeni,Petrunea,Liceul Teoretic Petrunea,Liceu,2,0
r-l Glodeni,Fundurii Vechi,Liceul Teoretic Fundurii Vechi,Liceu,0,0
r-l Glodeni,Danu,Liceul Teoretic Danu,Liceu,44,
r-l Glodeni,Hîjdieni,Liceul Teoretic Hîjdieni,Liceu,,
r-l Glodeni,Limbenii Vechi,Liceul Teoretic Limbenii Vechi,Liceu,30,0
r-l Glodeni,Sturzovca,Liceul Teoretic Sturzovca,Liceu,0,0
r-l Glodeni,Tomeºtii Noi,Gimnaziu Tomeºti,Gimnaziu,0,0
r-l Glodeni,Iabloana,Gimnaziu Iabloana,Gimnaziu,0,0
r-l Glodeni,Viiºoara,Gimnaziu Viiºoara,Gimnaziu,48,0
r-l Glodeni,Glodeni,ªcoala primarã Glodeni,Scoala Primara,9,
r-l Glodeni,Moara Domneascã,ªcoala primarã gr. Moara Doneascã,Scoala Primara,0,0
r-l Glodeni,Duºmani,Gimnaziu Duºmani,Gimnaziu,0,0
r-l Glodeni,Limbenii Noi,Gimnaziu Limbenii Noi,Gimnaziu,0,0
r-l Glodeni,Clococenii Vechi,Gimnaziu Clococenii Vechi,Gimnaziu,0,0
r-l Glodeni,Cajba,Gimnaziu Cajba,Gimnaziu,0,0
r-l Glodeni,Camenca,Gimnaziu Vasile Coroban Camenca,Gimnaziu,,
r-l Glodeni,Buteºti,Gimnaziu Buteºti,Gimnaziu,13,0
r-l Glodeni,Ustia,Gimnaziu Ustia,Gimnaziu,0,0
r-l Glodeni,Fundurii Noi,Gimnaziu Fundurii Noi,Gimnaziu,0,0
r-l Hãnceºti,Oneºti,Gimnaziul Oneºti,Gimnaziu,5,0
r-l Hãnceºti,Cioara,"Liceul Teoretic ""S.Andreev""",Liceu,40,0
r-l Hãnceºti,Bobeica,Liceul Teoretic Bobeica,Liceu,123,31
r-l Hãnceºti,Hînceºti,"Liceul Teoretic ""M. Sadoveanu""",Liceu,66,22
r-l Hãnceºti,Cãrpineni,Gimnaziul Internat Cãrpineni,Gimnaziu,0,0
r-l Hãnceºti,Draguºenii Noi,Gimnaziul Drãguºenii-Noi,Gimnaziu,13,0
r-l Hãnceºti,Fîrlãdeni,Gimnaziul Fîrlãdeni,Gimnaziu,0,0
r-l Hãnceºti,Ivanovca,Gimnaziul „Ksenia Evteeva”,Gimnaziu,0,0
r-l Hãnceºti,Mireºti,Gimnaziul Mireºti,Gimnaziu,50,0
r-l Hãnceºti,Negrea,Gimnaziul Negrea,Gimnaziu,0,0
r-l Hãnceºti,Obileni,Gimnaziul Obileni,Gimnaziu,113,0
r-l Hãnceºti,Pogãneºti,Gimnaziul Pogãneºti,Gimnaziu,0,0
r-l Hãnceºti,ªipoteni,Gimnaziul ªipoteni,Gimnaziu,0,0
r-l Hãnceºti,Caracui,Gimnaziul Caracui,Gimnaziu,0,0
r-l Hãnceºti,Sãrata Galbena,ªcoala-internat auxiliarã Sãrata-Galbenã,Gimnaziu,3,7
r-l Hãnceºti,Sãrata-Mereºeni,Gimnaziul Sãrata-Mereºeni,Gimnaziu,0,0
r-l Hãnceºti,Tãlãieºti,Gimnaziul Tãlãieºti,Gimnaziu,0,0
r-l Hãnceºti,Sãrata Galbena,"Liceul Teoretic ""Universum""",Liceu,0,128
r-l Hãnceºti,Voinescu,Gimnaziul Voinescu,Gimnaziu,0,0
r-l Hãnceºti,Dancu,Gimnaziul Dancu,Gimnaziu,0,0
r-l Hãnceºti,Horjeºti,Gimnaziul Horjeºti,Gimnaziu,0,0
r-l Hãnceºti,Pereni,Gimnaziul Pereni,Gimnaziu,0,0
r-l Hãnceºti,Hînceºti,"Liceul Teoretic ""M. Eminescu""",Liceu,0,0
r-l Hãnceºti,Secãreni,Gimnaziul Secãreni,Gimnaziu,127,0
r-l Hãnceºti,Paºcani,Gimnaziul Paºcani,Gimnaziu,2,0
r-l Hãnceºti,Mingir,ªcoala Primarã Mingir,Scoala Primara,32,0
r-l Hãnceºti,Hînceºti,"Liceul Teoretic ""M. Viteazul""",Liceu,0,0
r-l Hãnceºti,Cãlmãþui,Gimnaziul Cãlmãþui,Gimnaziu,5,0
r-l Hãnceºti,Cãrpineni,Gimnaziul Cãrpineni Nr.2,Gimnaziu,0,0
r-l Hãnceºti,Bozieni,Gimnaziul Bozieni,Gimnaziu,30,0
r-l Hãnceºti,Cãrpineni,Gimnaziul Cãrpineni Nr.3,Gimnaziu,0,0
r-l Hãnceºti,Sofia,Gimnaziul Sofia,Gimnaziu,0,0
r-l Hãnceºti,Hînceºti,ªcoala Internat Hînceºti,Gimnaziu,0,0
r-l Hãnceºti,Stolniceni,Gimnaziul Stolniceni,Scoala Medie,2,0
r-l Hãnceºti,Lãpuºna,ªcoala Primarã Lãpuºna,Scoala Primara,18,0
r-l Hãnceºti,Buteni,ªcoala Medie Buþeni,Scoala Medie,0,0
r-l Hãnceºti,Logãneºti,Liceul Teoretic Logãneºti,Liceu,0,0
r-l Hãnceºti,Mingir,Liceul Teoretic Mingir,Liceu,112,0
r-l Hãnceºti,Hînceºti,"Liceul Teoretic ""M. Lomonosov""",Liceu,0,4
r-l Hãnceºti,Bãlceana,Gimnaziul Bãlceana,Gimnaziu,0,0
r-l Hãnceºti,Lãpuºna,Liceul Teoretic Lãpuºna,Liceu,16,42
r-l Hãnceºti,Boghiceni,Gimnaziul Boghiceni,Scoala Medie,0,0
r-l Hãnceºti,Bujor,ªcoala Medie Bujor,Scoala Medie,0,0
r-l Hãnceºti,Crasnoarmeiscoe,"Liceul Teoretic ""Dimitrie Cantemir""",Liceu,60,2
r-l Hãnceºti,Cãrpineni,"Liceul Teoretic ""ªtefan Holban""",Liceu,0,0
r-l Hãnceºti,Ciuciuleni,"Liceul Teoretic ""A.Donici""",Liceu,0,0
r-l Hãnceºti,Leuºeni,"Liceul Teoretic “Cezar Radu""",Liceu,12,13
r-l Hãnceºti,Fundul Galbenei,Gimnaziul Fundul-Galbenei,Scoala Medie,0,0
r-l Hãnceºti,Pervomaiscoe,Gimnaziul Pervomaiscoe,Gimnaziu,0,0
r-l Ialoveni,Ulmu,Liceul teoretic Mihai Eminescu Ulmu,Liceu,0,1
r-l Ialoveni,Suruceni,"Liceul Teoretic ""Ion Suruceanu"" Suruceni",Liceu,98,12
r-l Ialoveni,Ialoveni,"Liceul Teoretic ""Petre ?tefãnucã"" Ialoveni",Liceu,27,8
r-l Ialoveni,Vãsieni,Liceul Teoretic Dmitrii Cantemir Vãsieni,Liceu,0,15
r-l Ialoveni,Gangura,Gimnaziul Gangura,Gimnaziu,0,
r-l Ialoveni,Rãzeni,Liceul Teoretic Rãzeni,Liceu,0,0
r-l Ialoveni,Pojãreni,Gimnaziul Pojoreni,Gimnaziu,0,0
r-l Ialoveni,Puhoi,Liceul Teoretic Puhoi,Liceu,12,5
r-l Ialoveni,Horeºti,Liceul Teoretic Zîmbreni,Liceu,,
r-l Ialoveni,Dãnceni,Gimnaziul Dãnceni,Gimnaziu,,
r-l Ialoveni,Malcoci,Gimnaziul Malcoci,Gimnaziu,0,4
r-l Ialoveni,Cigirleni,ªcoala Medie Cigîrleni,Scoala Medie,0,0
r-l Ialoveni,Cãrbuna,ªcoala Medie Cãrbuna,Scoala Medie,0,0
r-l Ialoveni,Ialoveni,Liceul teoretic Ana Muntean Ialoveni,Liceu,24,
r-l Ialoveni,Horodca,Gimnaziul Horodca,Gimnaziu,,3
r-l Ialoveni,Vãsieni,Gimnaziul Vãsieni,Gimnaziu,,
r-l Ialoveni,Sociteni,Gimnaziul Sociteni,Gimnaziu,,
r-l Ialoveni,Ruseºtii Noi,Liceul Teoretic Ruseºtii Noi,Liceu,42,0
r-l Ialoveni,Þipala,Liceul Teoretic Þipala,Liceu,70,
r-l Ialoveni,Vãratic,Gimnaziul Vãratic,Gimnaziu,,
r-l Ialoveni,Costeºti,Gimnaziul Costeºti,Gimnaziu,0,0
r-l Ialoveni,Mileºtii Noi,Cimnaziul Mileºtii Noi,Gimnaziu,0,0
r-l Ialoveni,Ialoveni,Gimnaziul Ialoveni,Gimnaziu,0,4
r-l Ialoveni,Piatra Albã,ªcoala Primarã Piatra Albã,Scoala Primara,,
r-l Ialoveni,Hansca,Gimnaziul Hansca,Gimnaziu,0,0
r-l Ialoveni,Costeºti,Liceul Teoretic Costeºti,Liceu,,
r-l Ialoveni,Bardar,"Liceul Teoretic ""Aurel David"" Bardar",Liceu,5,0
r-l Ialoveni,Horeºti,Liceul Teoretic Horeºti,Liceu,4,0
r-l Ialoveni,Nimoreni,Gimnaziul Nimoreni,Gimnaziu,0,0
r-l Ialoveni,Ialoveni,"ªcoala Primarã ""Ion Creangã"" Ialoveni",Scoala Primara,2,
r-l Ialoveni,Mileºtii Mici,"Liceul Teoretic ""Mihai Bîrcã"" Mileºtii Mici",Liceu,0,0
r-l Ialoveni,Ruseºtii Vechi,ªcoala Primarã Ruseºtii Vechi,Scoala Primara,5,0
r-l Ialoveni,Moleºti,Liceul Teoretic Moleºti,Liceu,0,0
r-l Ialoveni,Costeºti,"Liceul Teoretic ""Olymp"" Costeºti",Liceu,,
r-l Leova,Sãrãþica Veche,gimnaziul Saratica Veche,Gimnaziu,10,0
r-l Leova,Leova,"""L.Tolstoi""",Liceu,0,22
r-l Leova,Tomaiul Nou,gimnaziul Tomaiul Nou,Gimnaziu,0,0
r-l Leova,Covurlui,gimnaziul Covurlui,Gimnaziu,0,0
r-l Leova,Beºtemac,"""Gimnaziul Beºtemac""",Gimnaziu,4,0
r-l Leova,Colibabovca,scoala medie Colibabovca,Scoala Medie,1,0
r-l Leova,Tigheci,ªcoala medie Tigheci,Scoala Medie,0,0
r-l Leova,Iargara,ªcoala medie Iargara,Scoala Medie,1,0
r-l Leova,Orac,Gimnaziul  Orac,Gimnaziu,0,0
r-l Leova,Leova,"""Mihai Eminescu""",Liceu,0,0
r-l Leova,Cazangic,"""Mihai Viteazul""",Gimnaziu,35,33
r-l Leova,Sãrãteni,gimnaziul Sarateni,Gimnaziu,1,28
r-l Leova,Romanovca,scoala primara Romanovca,Scoala Primara,0,0
r-l Leova,Leova,gimnaziul-internat Leova,Gimnaziu,0,0
r-l Leova,Ceadîr,gimnaziul Ceadir,Gimnaziu,10,0
r-l Leova,Vozneseni,gimnaziul Vozneseni,Gimnaziu,0,0
r-l Leova,Sãrata Nouã,Scoala Auxiliarã-Internat,Scoala Medie,0,0
r-l Leova,Borogani,Gimnaziul Borogani,Gimnaziu,0,2
r-l Leova,Hãnãºenii Noi,gimnaziul Hanasenii Noi,Gimnaziu,0,0
r-l Leova,Cneazevca,scoala medie Cneazevca,Scoala Medie,2,26
r-l Leova,Troiþa,gimnaziul Troita,Gimnaziu,25,0
r-l Leova,Sîrma,gimnaziul Sirma,Gimnaziu,0,0
r-l Leova,Iargara,""" Lucian Blaga """,Liceu,45,1
r-l Leova,Filipeni,scoala medie Filipeni,Scoala Medie,28,0
r-l Leova,Sãrata Nouã,scoala medie Sarata Noua,Scoala Medie,13,3
r-l Leova,Tochile-Rãducani,Gimnaziu Tochile-Raducani,Gimnaziu,0,0
r-l Leova,Tomai,Scoala Medie Tomai,Scoala Medie,0,0
r-l Leova,Cupcui,Gimnaziu Cupcui,Gimnaziu,0,0
r-l Leova,Sãrata-Rãzeºi,gimnaziul Sarata-Rezesi,Gimnaziu,0,0
r-l Leova,Borogani,ªcoala medie Borogani,Scoala Medie,0,0
r-l Leova,Leova,"""Constantin Spataru""",Liceu,0,0
r-l Leova,Bãiuº,Gimnaziul Bãiuº,Gimnaziu,15,0
r-l Leova,Leova,"""Dimitrie Cantemir""",Gimnaziu,0,0
r-l Leova,Sãrãþica Nouã,Gimnaziu Saratica Noua,Gimnaziu,30,0
r-l Nisporeni,Soltãneºti,"Gimnaziul ""Ion Creanga""",Gimnaziu,0,0
r-l Nisporeni,ªendreni,Gimnaziul ªendreni,Gimnaziu,3,
r-l Nisporeni,Vãrzãreºti,Gimnaziul Vãrzãreºti,Gimnaziu,0,0
r-l Nisporeni,Nisporeni,"Liceul Teoretic ""ªtefan cel Mare""",Liceu,7,13
r-l Nisporeni,Nisporeni,"Liceul Teoretic ""Boris Cazacu""",Liceu,12,62
r-l Nisporeni,Seliºte,Liceul Teoretic Seliºte,Liceu,68,4
r-l Nisporeni,Nisporeni,"Liceul Teoretic ""Mircea Eliade""",Liceu,12,62
r-l Nisporeni,Isaicani,Gimnaziul Isãicani,Gimnaziu,0,0
r-l Nisporeni,Mileºti,Liceu Teoretic Milesti,Liceu,0,0
r-l Nisporeni,Cîrneºti,Gimnaziul Cîrneºti,Gimnaziu,0,0
r-l Nisporeni,Cristeºti,Gimnaziul Cristeºti,Gimnaziu,2,0
r-l Nisporeni,Zberoaia,Gimnaziul Zberoaia,Gimnaziu,0,0
r-l Nisporeni,Vulcãneºti,Gimnaziul Vulcãneºti,Gimnaziu,0,0
r-l Nisporeni,Vînãtori,Gimnaziul Vînãtori,Gimnaziu,3,0
r-l Nisporeni,Valea-Trestieni,Gimnaziul Valea-Trestieni,Gimnaziu,0,0
r-l Nisporeni,Marinici,Gimnaziul Marinici,Gimnaziu,0,0
r-l Nisporeni,Cioreºti,"Gimnaziul ""V.Dumbravã""",Gimnaziu,0,0
r-l Nisporeni,Bãlãneºti,Gimnaziul Bãlãneºti,Gimnaziu,3,0
r-l Nisporeni,Bãcºeni,Gimnaziul Bãcºeni,Gimnaziu,,
r-l Nisporeni,Bãlãureºti,Liceul Teoretic Bãlãureºti,Liceu,7,4
r-l Nisporeni,Grozeºti,"Liceul Teoretic ""Prometeu""",Liceu,57,0
r-l Nisporeni,Bolþun,Gimnaziul Bolþun,Gimnaziu,0,0
r-l Nisporeni,Iurceni,"Liceul Teoretic ""Grigore Vieru""",Liceu,50,0
r-l Nisporeni,Gãureni,Gimnaziul Gãureni,Gimnaziu,0,0
r-l Nisporeni,Bolduresti,"Liceul Teoretic ""Valeriu  Bulicanu""",Liceu,19,0
r-l Nisporeni,Nisporeni,ªcoala Auxiliarã,Gimnaziu,32,36
r-l Nisporeni,ªiºcani,Gimnaziul  ªiºcani,Gimnaziu,103,8
r-l Nisporeni,Bursuc,Gimnaziul Bursuc,Gimnaziu,0,0
r-l Nisporeni,Brãtuleni,Gimnaziul Brãtuleni,Gimnaziu,0,0
r-l Nisporeni,Cãlimãneºti,Gimnaziul Cãlimãneºti,Gimnaziu,0,0
r-l Nisporeni,Ciuteºti,Gimnaziul Ciuteºti,Gimnaziu,0,0
r-l Nisporeni,Bãrboieni,Gimnaziul Bãrboieni,Gimnaziu,0,0
r-l Nisporeni,Nisporeni,ªcoala primarã-gradinita Nisporeni,Scoala Primara,0,0
r-l Nisporeni,Vãrzãreºti,"Liceul Teoretic ""Alexandru cel Bun""",Liceu,13,0
r-l Nisporeni,Nisporeni,"Gimnaziul ""Mihai Eminescu""",Gimnaziu,0,0
r-l Ocniþa,Naslavcea,Gimnaziul Naslavcea,Gimnaziu,0,0
r-l Ocniþa,Lipnic,"Liceul Teoretic "" ªtefan cel Mare""",Liceu,0,2
r-l Ocniþa,Ocniþa,"Liceul Teoretic ""D. Cantemir""",Liceu,0,0
r-l Ocniþa,Mereºeuca,gimnaziul Mereºeuca,Gimnaziu,0,0
r-l Ocniþa,Corestãuþi,gimnaziul Corestãuþi,Gimnaziu,0,0
r-l Ocniþa,Ocniþa,"Liceul Teoretic  ""C. Stamati""",Liceu,19,8
r-l Ocniþa,Calaraºovca,gimnaziul Calaraºeuca,Gimnaziu,0,2
r-l Ocniþa,Berezovca,Gimnaziul Berezouca,Gimnaziu,,
r-l Ocniþa,Verejeni,gimnaziul Verejeni,Gimnaziu,,
r-l Ocniþa,Frunzã,gimnaziu-gradinital Frunze,Gimnaziu,0,0
r-l Ocniþa,Codreni,Gimnaziul Codreni,Gimnaziu,0,0
r-l Ocniþa,Vãlcineþ,Gimnaziul Vãlcineþ,Gimnaziu,20,0
r-l Ocniþa,Ocniþa,"Liceul Teoretic ""M. Sadoveanu""",Liceu,194,32
r-l Ocniþa,Unguri,gimnaziul Unguri,Gimnaziu,125,0
r-l Ocniþa,Sauca,"ªcoala Medie ""P. Zadnipru""",Scoala Medie,1,0
r-l Ocniþa,Ocniþa,gimnaziul Ocniþa,Gimnaziu,0,0
r-l Ocniþa,Hãdãrãuþi,ªcoala Medie Hãdãrãuþi,Scoala Medie,0,0
r-l Ocniþa,Gîrbova,gimnaziul Gîrbova,Gimnaziu,0,0
r-l Ocniþa,Mihãlãºeni,gimnaziul  Mihãlãºeni,Gimnaziu,4,0
r-l Ocniþa,Rujniþa,Liceul Teoretic  Rujniþa,Liceu,,
r-l Ocniþa,Ocniþa,Liceul Teoretic Ocniþa,Liceu,15,8
r-l Ocniþa,Lencãuþi,gimnaziul  Lencãuþi,Gimnaziu,3,
r-l Ocniþa,Clocuºna,"Liceul Teoretic ""Em. Loteanu""",Liceu,0,0
r-l Ocniþa,Otaci,"Liceul Teoretic ""M. Eminescu""",Liceu,72,65
r-l Ocniþa,Bîrnova,gimnaziul -grãdiniþã  Bîrnova,Gimnaziu,,
r-l Ocniþa,Paladea,gimnaziul Paladia,Gimnaziu,0,0
r-l Ocniþa,S.GRINAUTI,Liceul Teoretic  Grinãuþi,Liceu,167,6
r-l Ocniþa,Dîngeni,gimnaziul Dîngeni,Gimnaziu,3,0
r-l Ocniþa,Otaci,gimnaziul Otaci,Gimnaziu,0,10
r-l Orhei,Susleni,Centrul educational Gimnaziu-gradinita Susleni,Gimnaziu,,
r-l Orhei,Bieºti,Liceul Teoretic Bieºti,Liceu,68,11
r-l Orhei,Fedoreuca,ªcoala Primarã - gradinita Fedoreuca,Scoala Primara,,
r-l Orhei,Zahoreni,Gimnaziul Zahoreni,Gimnaziu,,
r-l Orhei,Zorile,Gimnaziul Zorile,Gimnaziu,21,
r-l Orhei,Puþintei,Gimnaziul Puþintei,Gimnaziu,2,1
r-l Orhei,Lucãºeuca,Gimnaziul  Lucaºeuca,Gimnaziu,,
r-l Orhei,Orhei,"Liceul Teoretic ""Alecu Russo""",Liceu,583,319
r-l Orhei,Orhei,"Liceul Teoretic ""Mihail Lomonosov""",Liceu,15,3
r-l Orhei,Susleni,"Liceul Teoretic ""Vasile Lupu""",Liceu,,
r-l Orhei,Ciocîlteni,"Liceul Teoretic ""Dimitrii Cantemir""",Liceu,80,
r-l Orhei,Peresecina,"Liceul Teoretic ""Alexandru Donici""",Liceu,0,0
r-l Orhei,Orhei,"Liceul Teoretic ""Onisifor Ghibu""",Liceu,,97
r-l Orhei,Jora de Jos,ªcoala Medie Jora de Jos,Scoala Medie,,
r-l Orhei,Isacova,Gimnaziul Isacova,Gimnaziu,,
r-l Orhei,Chiperceni,Gimnaziul Chiperceni,Gimnaziu,0,0
r-l Orhei,Pohribeni,ªcoala Medie Pohribeni,Scoala Medie,,
r-l Orhei,Trebujeni,Gimnaziul Trebijeni,Gimnaziu,,
r-l Orhei,Orhei,"Liceul Teoretic ""Ion Luca Caragiale""",Liceu,,72
r-l Orhei,Vîºcãuþi,Gimnaziul Vîºcãuþi,Gimnaziu,,
r-l Orhei,Bulãieºti,Centrul eductional ''Gimnaziu- gradinita''  Bulãieºti,Gimnaziu,,
r-l Orhei,Ivancea,Gimnaziul Ivancea,Gimnaziu,0,0
r-l Orhei,Gheltova,ªcoala Medie Ghetlova,Scoala Medie,,
r-l Orhei,Cliºova,Centrul Educational  ''Gimnaziul - gradinita'' Cliºova,Gimnaziu,,
r-l Orhei,Jora de Sus,Gimnaziul Jora de Sus,Gimnaziu,43,
r-l Orhei,Izvoare,Centrul educational Gimnaziu-gradinita Izvoare,Gimnaziu,,
r-l Orhei,Ivancea,Gimnaziul tip- sanatorial Ivancea,Gimnaziu,,
r-l Orhei,Hulboaca,"Centrul Educaþional  ""gimnaziu-grãdiniþã Hulboaca",Gimnaziu,0,0
r-l Orhei,Furceni,Gimnaziul Furceni,Gimnaziu,,
r-l Orhei,Vatici,Gimnaziul Vatici,Gimnaziu,32,
r-l Orhei,Discova,Centrul Educational ''Gimnaziu - gradinita'' Dîºcova,Gimnaziu,,
r-l Orhei,Mana,Gimnaziul Mana,Gimnaziu,,
r-l Orhei,Cucuruzeni,Gimnaziul Cucuruzeni,Gimnaziu,21,11
r-l Orhei,Hîjdieni,Gimnaziul Hîjdieni,Gimnaziu,,
r-l Orhei,Ciºmea,Gimnaziul Ciºmea,Gimnaziu,,
r-l Orhei,Camencea,Gimnaziul Camencea,Gimnaziu,12,
r-l Orhei,Butuceni,Gimnaziul Butuceni,Gimnaziu,,
r-l Orhei,Breanova,Gimnaziul Breanova,Gimnaziu,,
r-l Orhei,Braviceni,Gimnaziul Brãviceni,Gimnaziu,,
r-l Orhei,Bolohan,Gimnaziul Bolohan,Gimnaziu,0,0
r-l Orhei,Berezlogi,"Centrul Educational ""Gimnaziul - gradinita''Berezlogi",Gimnaziu,,
r-l Orhei,Cucuruzenii de Sus,Centrul educational Gimnaziu- gradinita Cucuruzenii de Sus,Gimnaziu,13,
r-l Orhei,Teleºeu,"Gimnaziul ""Ion Creangã""",Gimnaziu,3,0
r-l Orhei,Podgoreni,Centrul educational ''Gimnaziu - gradinita'' Podgoreni,Gimnaziu,,
r-l Orhei,Sãmãnanca,Gimnaziul Sãmãnanca,Gimnaziu,1,
r-l Orhei,Donici,Gimnaziul Donici,Gimnaziu,,
r-l Orhei,Seliºte,Gimaziul Seliºte,Gimnaziu,,
r-l Orhei,Mîrzeºti,Centrul educational ''Gimnaziu - gradinita'' Mîrzeºti,Gimnaziu,1,
r-l Orhei,Sirota,Centrul educational Gimnaziu- gradinita Sirota,Gimnaziu,,
r-l Orhei,Step-Soci,Gimnaziul Step- Soci,Gimnaziu,0,18
r-l Orhei,Piatra,Gimnaziul Piatra,Gimnaziu,,0
r-l Orhei,Tabãra,Gimnaziul Tabãra,Gimnaziu,0,
r-l Orhei,Pelivan,Gimnaziul Pelivan,Gimnaziu,,
r-l Orhei,Pohorniceni,Centrul educational ''Gimnaziu - gradinita'' Pohorniceni,Gimnaziu,,
r-l Orhei,Orhei,Gimnaziul nr. 6,Gimnaziu,,
r-l Orhei,Orhei,"Gimnaziul ""Ion ºi Doina Aldea Teodorovici""",Gimnaziu,10,10
r-l Orhei,Orhei,"Gimnaziul ""Mihai Eminescu""",Gimnaziu,6,11
r-l Orhei,Neculãieuca,Gimnaziul Niculãeuca,Gimnaziu,0,0
r-l Orhei,Morozeni,Gimnaziul Morozeni,Gimnaziu,,
r-l Orhei,Mitoc,Centrul educational Gimnaziu-gradinita Mitoc,Gimnaziu,,
r-l Orhei,Malãieºti,Gimnaziul Mãlãieºti,Gimnaziu,35,
r-l Orhei,ªercani,Gimnaziul ªercani,Gimnaziu,,
r-l Rezina,Slobozia-Horodiºte,Slobozia Horodiºte,Gimnaziu,,6
r-l Rezina,Meºeni,Meºeni,Gimnaziu,,
r-l Rezina,Sîrcova,Sîrcova,Gimnaziu,36,0
r-l Rezina,Solonceni,Solonceni,Gimnaziu,0,0
r-l Rezina,Pãpãuþi,Pãpãuþi,Gimnaziu,0,0
r-l Rezina,Otac,Otac,Gimnaziu,0,0
r-l Rezina,Lalova,Lalova,Gimnaziu,0,5
r-l Rezina,Lipceni,Lipceni,Gimnaziu,0,0
r-l Rezina,Cogilniceni,Cogîlniceni,Gimnaziu,0,0
r-l Rezina,Gordineºti,Gordineºti,Gimnaziu,0,0
r-l Rezina,Ghiduleni,Ghiduleni,Gimnaziu,3,
r-l Rezina,Buºãuca,Buºãuca,Gimnaziu,0,0
r-l Rezina,Pereni,Pereni,Gimnaziu,23,0
r-l Rezina,Pripiceni-Rãzeºi,Pripiceni - Rãzeºi,Gimnaziu,,
r-l Rezina,Piscãreºti,ªP Piscãreºti,Scoala Primara,0,0
r-l Rezina,Saharna Nouã,Saharna Nouã,Gimnaziu,16,18
r-l Rezina,Tahnãuþi,Þahnãuþi,Gimnaziu,0,0
r-l Rezina,Cuizãuca,"L/T ""Ion Creangã"" Cuizãuca",Liceu,9,0
r-l Rezina,Rezina,"L/T""ªtefan cel Mare"" Rezina",Liceu,90,235
r-l Rezina,Rezina,"L/T""A.S.Puºkin"" Rezina",Liceu,17,6
r-l Rezina,Rezina,"L/T ""Alexandru cel Bun"" Rezina",Liceu,123,52
r-l Rezina,Buciuºca,Buciuºca,Scoala Primara,2,0
r-l Rezina,Roºcanii de Sus,ªP Roºcana,Scoala Primara,2,0
r-l Rezina,Ignãþei,L/T Ignãþei,Liceu,11,8
r-l Rezina,Mincenii de Sus,ªP Mincenii de Sus,Scoala Primara,,
r-l Rezina,Þareuca,Þareuca,Gimnaziu,0,0
r-l Rezina,Ciniºeuþi,Ciniºeuþi,Scoala Medie,0,0
r-l Rezina,Mateuºi,Mateuþi,Scoala Medie,1,0
r-l Rezina,Ciorna,Ciorna,Gimnaziu,46,
r-l Rezina,Saharna,Saharna Veche,Scoala Primara,,
r-l Rezina,Þipova,ªP Þîpova,Scoala Primara,0,0
r-l Rezina,Tarasova,Tarasova,Gimnaziu,0,0
r-l Rezina,Echimãuþi,Echimãuþi,Liceu,0,0
r-l Rezina,Rezina,Gimnaziul Rezina,Gimnaziu,8,3
r-l Rezina,Mincenii de Jos,Mincenii de Jos,Gimnaziu,28,0
r-l Rezina,Peciºte,Peciºte,Liceu,0,0
r-l Rezina,Trifeºti,Trifeºti,Gimnaziu,5,0
r-l Rezina,Ciniºeuþi,Ciniºeuþi - internat,Gimnaziu,,
r-l Rezina,Horodiºte,Horodiºte,Scoala Medie,,28
r-l Rîºcani,Rîºcani,"Liceul Teoretic ""Liviu Damian""",Liceu,,51
r-l Rîºcani,Duruitoarea Nouã,Gimnaziul Duruitoarea Noua,Gimnaziu,,14
r-l Rîºcani,Grinãuþi,Gimnaziul Grinãuþi,Gimnaziu,,
r-l Rîºcani,Cucuieþii Vechi,Gimnaziul Cucuietii Vechi,Gimnaziu,61,
r-l Rîºcani,Corlãteni,Liceul Teoretic Corlãteni,Liceu,48,
r-l Rîºcani,Borosenii Noi,Gimnaziul  Borosenii Noi,Gimnaziu,,
r-l Rîºcani,Vasileuþi,Gimnaziul  Vasileuþi,Gimnaziu,,
r-l Rîºcani,Ciubara,Gimnaziul Ciubara,Gimnaziu,,
r-l Rîºcani,Horodiºte,"Gimnaziul ""Adela Zbîrciog""  Horodiºte",Gimnaziu,,
r-l Rîºcani,Rãmãzan,Gimnaziul Rãmãzani,Gimnaziu,,
r-l Rîºcani,Vãratic,Liceul Teoretic Varatic,Liceu,15,10
r-l Rîºcani,Nihoreni,"Liceul Teoretic ""Constantin Popovici""",Liceu,,37
r-l Rîºcani,Mãlãieºti,"Gimn. ""Aurel Scobioalã"" Mãlãieºti",Gimnaziu,,
r-l Rîºcani,Mihãileni,Gimnaziul Mihãileni,Gimnaziu,,
r-l Rîºcani,Moseni,Gimnaziul Moºeni,Gimnaziu,,
r-l Rîºcani,Pãºcãuþi,Gimnaziul  Pãscãuþi,Gimnaziu,2,
r-l Rîºcani,Petruºeni,Gimnaziul Petruºeni,Gimnaziu,,
r-l Rîºcani,Pociumbãuþi,Gimnaziul  Pociumbãuþi,Gimnaziu,,
r-l Rîºcani,Pociumbeni,Gimnaziul Pociumbeni,Gimnaziu,,48
r-l Rîºcani,Rîºcani,"Liceul Teoretic ""Dimitrie Cantemir""",Liceu,65,16
r-l Rîºcani,Malinovscoe,Gimnaziul  Malinovscoe,Gimnaziu,,24
r-l Rîºcani,Rîºcani,"Gimnaziu ""Gheorghe Rîºcanu""",Gimnaziu,,
r-l Rîºcani,Rãcãria,Gimnaziul  Rãcãria,Gimnaziu,19,18
r-l Rîºcani,Recea,Liceul Teoretic Recea,Liceu,21,45
r-l Rîºcani,Sturzeni,Gimnaziul  Sturzeni,Gimnaziu,,
r-l Rîºcani,Singureni,Gimnaziul  Singureni,Gimnaziu,,
r-l Rîºcani,Braniºte,Gimnaziul Braniºte,Gimnaziu,48,
r-l Rîºcani,Hiliuþi,ªcoala Medie Hiliuþi,Scoala Medie,,
r-l Rîºcani,ªaptebani,ªcoala Medie ªaptebani,Scoala Medie,0,0
r-l Rîºcani,Costeºti,"Liceul Teoretic ""Silvian  Lucaci """,Liceu,58,43
r-l Rîºcani,Costeºti,ªcoala Auxiliarã Costeºti,Gimnaziu,,
r-l Rîºcani,Uºurei,ªcoala primarã Uºurei,Scoala Primara,,
r-l Rîºcani,S.GALASENI,Gimnaziul Gãlãºeni,Gimnaziu,,
r-l Rîºcani,Sverdiac,ªcoalã primarã-grãdiniþã Sverdiac,Scoala Primara,,
r-l Rîºcani,Aluniº,ªcoala Medie Aluniº,Scoala Medie,0,0
r-l Rîºcani,Mihãileni,"Liceul Teoretic  ""Eugen Coºeriu """,Liceu,,
r-l Rîºcani,ªtiubeieni,Gimnaziul  ªtiubeieni,Gimnaziu,14,
r-l Rîºcani,Pîrjota,"Gimn. "" Valeriu Gherig"" Pîrjota",Gimnaziu,,
r-l Rîºcani,Zãicani,"Liceul Teoretic ""Leonid Gherman""",Liceu,,
r-l Sîngerei,Þîpleteºti,Gimnaziul Þîpleþeºti,Gimnaziu,2,0
r-l Sîngerei,Gura-Oituz,Scoala Primara Gura-Oituz,Scoala Primara,,
r-l Sîngerei,S.FLAMINZENI,ªcoala Medie Coºcodeni,Scoala Medie,1,
r-l Sîngerei,SÎNGEREI,"Gimnaziul  ""Anton Crihan""",Gimnaziu,,2
r-l Sîngerei,Heciul Nou,Gimnaziul  Heciul Nou,Gimnaziu,,
r-l Sîngerei,Grigorauca,Gimnaziul   Grigorãuca,Gimnaziu,30,
r-l Sîngerei,Drãgãneºti,"Liceul Teoretic ,,V Alexandri '' Drãgãneºti",Liceu,,
r-l Sîngerei,Bilicenii Vechi,Gimnaziul Bilicenii Vechi,Gimnaziu,,
r-l Sîngerei,Rãdoaia,"Liceul Teoretic ""I. Creangã""",Liceu,,
r-l Sîngerei,Cubolta,"Liceul Teoretic ""P. Halippa""",Liceu,31,25
r-l Sîngerei,Alexeuca,ªcoala Primarã  Alexeuca,Scoala Primara,,
r-l Sîngerei,Sloveanca,Gimnaziul Sloveanca,Gimnaziu,,
r-l Sîngerei,Alexãndreni,Gimnaziul Alexandreni,Gimnaziu,27,
r-l Sîngerei,Þîpleºti,Gimnaziul Þîpleºti,Gimnaziu,0,0
r-l Sîngerei,Valea Norocului,Gimnaziul Valea-Norocului,Gimnaziu,5,0
r-l Sîngerei,Dumbraviþa,Gimnaziul Dumbrãviþa,Gimnaziu,,19
r-l Sîngerei,Heciul Vechi,Gimnaziul Heciul Vechi,Gimnaziu,,
r-l Sîngerei,Iezãrenii Vechi,Gimnaziul Iezãrenii Vechi,Gimnaziu,6,
r-l Sîngerei,Mãrineºti,Gimnaziul Marineºti,Gimnaziu,,
r-l Sîngerei,Þambula,Gimnaziul Þambula,Gimnaziu,36,
r-l Sîngerei,Slobozia-Chiºcãreni,Gimnaziul Slobozia-Chiºcãreni,Gimnaziu,85,23
r-l Sîngerei,Tãura Veche,Gimnaziul Tãura Veche,Gimnaziu,,17
r-l Sîngerei,Grigoreºti,Scoala Primara Grigoreºti,Scoala Primara,,
r-l Sîngerei,Dobrogea Veche,Gimnaziul Dobrogea Veche,Gimnaziu,,1
r-l Sîngerei,SÎNGEREI,"Liceul Teoretic ""D. Cantemir""",Liceu,28,37
r-l Sîngerei,Chiºcãreni,"Liceul Teoretic ""N. Casso""",Liceu,4,5
r-l Sîngerei,Pepeni,"Liceul Teoretic ""A. Agapie""",Liceu,873,58
r-l Sîngerei,SÎNGEREI,"L.T. ""Olimp""",Liceu,85,
r-l Sîngerei,Izvoare,Gimnaziul Izvoare,Gimnaziu,3,
r-l Sîngerei,Copaceni,Gimnaziul Copãceni,Gimnaziu,,
r-l Sîngerei,Prepeliþa,Gimnaziul Prepeliþa,Gimnaziu,,
r-l Sîngerei,Petrovca,Gimnaziul Petrovca,Gimnaziu,,
r-l Sîngerei,Mîndreºtii Noi,Gimnaziul Mîndreºtii Noi,Gimnaziu,,
r-l Sîngerei,Ciuciuieni,Gimnaziul Ciuciuieni,Gimnaziu,,
r-l Sîngerei,Bobletici,Gimnaziul  Bobletici,Gimnaziu,,
r-l Sîngerei,Cozeºti,Gimnaziul Cozeºti,Gimnaziu,,
r-l Sîngerei,Coada Iazului,Gimnaziul Coada Iazului,Gimnaziu,7,
r-l Sîngerei,Sîngereii Noi,"Liceul Teoretic ""A. Russo""",Liceu,,
r-l Sîngerei,Sacarovca,Gimnaziul Sacarovca,Gimnaziu,17,
r-l Sîngerei,Slobozia-Mãgura,Gimnaziul Slobozia-Mãgura,Gimnaziu,,
r-l Sîngerei,Bocancea-Schit,Scoala Primara  Bocancea-Schit,Scoala Primara,,
r-l Sîngerei,Cotiujenii Mici,Gimnaziul Cotiujenii Mici,Gimnaziu,0,75
r-l Sîngerei,or.Biruinþa,"Liceul Teoretic ""Luceafãrul""",Liceu,126,16
r-l Sîngerei,Bursuceni,Gimnaziul Bursuceni,Gimnaziu,,
r-l Sîngerei,SÎNGEREI,"Liceul Teoretic ""M. Eminescu""",Liceu,0,0
r-l Sîngerei,Rãzãlãi,ªcoala Primarã  Rãzãlãi,Scoala Primara,,
r-l Sîngerei,Bãlãºeºti,Gimnaziul  Bãlãºeºti,Gimnaziu,,
r-l Sîngerei,Bilicenii Noi,Gimnaziul  Bilicenii Noi,Gimnaziu,,
r-l Sîngerei,Mihailovca,Gimnaziul Mihailovca,Gimnaziu,24,
r-l ªoldãneºti,Glinjeni,Gimnaziul  Glinjeni,Gimnaziu,,
r-l ªoldãneºti,Climãuþii de Jos,Gimnaziul Climãuþii de Jos,Gimnaziu,,
r-l ªoldãneºti,Soldanesti,"Liceul teoretic "" Alexei  Mateevici""ªoldãneºti",Liceu,1,17
r-l ªoldãneºti,Curãtura,ªcoala  primara  Curãtura,Scoala Primara,,
r-l ªoldãneºti,Soldanesti,ªcoala  primara ªoldãneºti,Scoala Primara,,
r-l ªoldãneºti,Fuzãuca,Gimnaziul  Fuzãuca,Gimnaziu,,
r-l ªoldãneºti,Socola,Gimnaziul  Socola,Gimnaziu,,
r-l ªoldãneºti,ªipca,Gimnaziul  ªipca,Gimnaziu,,
r-l ªoldãneºti,Salcia,Gimnaziul Salcia,Gimnaziu,,
r-l ªoldãneºti,Rogojeni,Gimnaziul Rogojeni,Gimnaziu,,
r-l ªoldãneºti,Receºti,Gimnaziul Receºti,Gimnaziu,29,
r-l ªoldãneºti,Parcani,"Gimnaziul ""M. Eminescu"", Parcani",Gimnaziu,,
r-l ªoldãneºti,Poiana,Gimnaziul Poiana,Gimnaziu,,
r-l ªoldãneºti,Cot,Gimnaziul  Cot,Gimnaziu,21,
r-l ªoldãneºti,Pohoarna,Gimnaziul Pohoarna,Gimnaziu,,
r-l ªoldãneºti,Cobîlea,Liceul teoretic Cobîlea,Liceu,,
r-l ªoldãneºti,ªestaci,"Gimnaziul ""Gr. Eftodiev""",Gimnaziu,,
r-l ªoldãneºti,Chipeºca,Gimnaziul Chipesca,Gimnaziu,,
r-l ªoldãneºti,Dobruºa,"Gimnaziul ""A. Grosu""",Gimnaziu,,
r-l ªoldãneºti,Gãuzeni,Gimnaziul  Gãuzeni,Gimnaziu,,
r-l ªoldãneºti,Sãmãºcani,ªcoala medie Sãmãºcani,Scoala Medie,14,
r-l ªoldãneºti,Cobîlea,Gimnaziul   Cobîlea,Gimnaziu,,
r-l ªoldãneºti,Alcedar,ªcoala medie  Alcedar,Scoala Medie,43,
r-l ªoldãneºti,Cotiujenii Mari,Gimnaziu Cotiujenii Mari,Scoala Medie,30,
r-l ªoldãneºti,Soldanesti,"Liceul teoretic"" ªtefan cel Mare"", ªoldãneºti",Liceu,25,32
r-l ªoldãneºti,Cuºmirca,Liceul teoretic Cuºmirca,Liceu,,
r-l ªoldãneºti,Rãspopeni,Liceul teoretic Rãspopeni,Liceu,21,
r-l ªoldãneºti,Vadul-Raºcov,"Liceul teoretic "" Dumitru Matcovschi"" Vadul-Raºcov",Liceu,11,3
r-l ªoldãneºti,Soldanesti,Liceul  teoretic  Cotiujenii Mari,Liceu,0,24
r-l ªoldãneºti,Oliºcani,Liceul teoretic Oliºcani,Liceu,,9
r-l ªoldãneºti,Mihuleni,"Gimnaziul "" Andrei Lupan"", Mihuleni",Gimnaziu,,
r-l Soroca,Regina Maria,gimnaziul Regina Maria,Gimnaziu,23,0
r-l Soroca,Soroca,gimnaziul nr.1,Gimnaziu,0,0
r-l Soroca,Zastînca,gimnaziul Zastînca,Gimnaziu,0,0
r-l Soroca,Voloviþa,gimnaziul Voloviþa,Gimnaziu,0,0
r-l Soroca,Soroca,gimnaziul tehnologic,Gimnaziu,1,0
r-l Soroca,Voloave,gimnaziul Voloave,Gimnaziu,0,0
r-l Soroca,Þepilova,gimnaziul Þepilova,Gimnaziu,0,0
r-l Soroca,Trifãuþi,gimnaziul Trifãuþi,Gimnaziu,0,0
r-l Soroca,Soloneþ,gimnaziul Soloneþ,Gimnaziu,0,0
r-l Soroca,Slobozia-Vãrãncãu,gimnaziul Slobozia-Vãrãncãu,Gimnaziu,0,0
r-l Soroca,Slobozia-Cremene,gimnaziul Slobozia-Cremene,Gimnaziu,0,0
r-l Soroca,Dubna,Gimnaziul Dubna,Gimnaziu,0,0
r-l Soroca,Radi-Cereºnovaþ,gimnaziul Radi-Cereºnovaþ,Gimnaziu,0,0
r-l Soroca,Pîrliþa,gimnaziul Pîrliþa,Gimnaziu,27,0
r-l Soroca,Cureºniþa,Gimnaziul Cureºniþa,Gimnaziu,0,0
r-l Soroca,Soroca,"Liceul ""C.Stere""",Liceu,58,22
r-l Soroca,Vãrãncãu,Gimnaziul Vãrãncãu,Gimnaziu,0,0
r-l Soroca,Racovaþ,Liceul Racovãþ,Liceu,0,0
r-l Soroca,Visoca,Liceul Visoca,Liceu,12,61
r-l Soroca,Tãtãrãuca Veche,ªcoala medie Tãtãrãuca Veche,Scoala Medie,55,9
r-l Soroca,S.RUDI,Gimnaziul Rudi,Gimnaziu,0,0
r-l Soroca,Niorcani,ªcoala primarã Niorcani,Scoala Primara,7,0
r-l Soroca,Tãtãrãrauca Nouã,ªcoala primarã Tãtãrãuca Nouã,Scoala Primara,0,0
r-l Soroca,Sobari,ªcoala primarã Sobari,Scoala Primara,0,0
r-l Soroca,Schineni,gimnaziul Schineni,Gimnaziu,0,0
r-l Soroca,Soroca,"Liceul ""P.Rareº""",Liceu,0,0
r-l Soroca,Ocolina,Gimnaziul Ocolina,Gimnaziu,0,0
r-l Soroca,Cerlina,gimnaziul Cerlina,Gimnaziu,0,0
r-l Soroca,Stoicani,ªcoala medie Stoicani,Scoala Medie,0,0
r-l Soroca,Iarova,Gimnaziul Iarova,Gimnaziu,0,0
r-l Soroca,Hristici,Gimnaziul Hristici,Gimnaziu,0,0
r-l Soroca,Cosãuþi,"Liceul ""Cosãuþi""",Liceu,0,0
r-l Soroca,S.BULBOCI,ªcoala medie Bulboci,Scoala Medie,18,0
r-l Soroca,Bãxani,ºcoala medie Bãxani,Scoala Medie,0,0
r-l Soroca,Soroca,"Liceul ""I.Creangã""",Liceu,0,0
r-l Soroca,Rubleniþa,Liceul Rubleniþa,Liceu,0,41
r-l Soroca,Bãdiceni,Liceul Bãdiceni,Liceu,5,7
r-l Soroca,Parcani,Gimnaziul Parcani,Gimnaziu,0,0
r-l Soroca,Vasilcãu,"Liceul ""G. Vieru""",Liceu,50,11
r-l Soroca,Nemereuca,Liceul Nimereuca,Liceu,0,12
r-l Soroca,Cremenciug,gimnaziul Cremenciug,Gimnaziu,1,0
r-l Soroca,Dumbrãveni,ªcoala primarã Dumbrãveni,Scoala Primara,0,0
r-l Soroca,Oclanda,gimnziul Oclanda,Gimnaziu,0,0
r-l Soroca,Iorjniþa,gimnaziul Iorjniþa,Gimnaziu,0,0
r-l Soroca,Holoºniþa,gimnaziul Holoºniþa,Gimnaziu,0,0
r-l Soroca,Egoreni,gimnaziul Egoreni,Gimnaziu,0,0
r-l Soroca,Mãlcãuþi,ªcoala primarã Mãlcãuþi,Scoala Primara,0,0
r-l Soroca,ªeptelici,Gimnaziul ªeptelici,Gimnaziu,0,0
r-l Soroca,Vanþina,ªcoala primarã Vanþina,Scoala Primara,0,0
r-l Soroca,Vãdeni,gimnaziul Vãdeni,Gimnaziu,4,0
r-l Soroca,ªolcani,gimnaziul ªolcani,Gimnaziu,2,0
r-l Soroca,Dãrcãuþi,gimnaziul Dãrcãuþi,Gimnaziu,3,0
r-l ªtefan Vodã,Talmaza,ªtefan Ciobanu,Liceu,0,0
r-l ªtefan Vodã,Stefan Vodã,Dimitrie Cantemir,Liceu,154,5
r-l ªtefan Vodã,Olãneºti,"""B.P.Haºdeu""",Liceu,14,
r-l ªtefan Vodã,Stefan Vodã,ªtefan Vodã,Liceu,0,0
r-l ªtefan Vodã,Stefãneºti,ªtefãneºti,Gimnaziu,0,0
r-l ªtefan Vodã,Slobozia,Alexandru cel Bun,Liceu,0,0
r-l ªtefan Vodã,Copceac,Ion Creangã,Liceu,0,0
r-l ªtefan Vodã,Viiºoara,Viiºoara,Gimnaziu,14,0
r-l ªtefan Vodã,Alava,Alava,Gimnaziu,9,0
r-l ªtefan Vodã,Popeasca,ªcoala Auxuliarã Internat Popeasca,Gimnaziu,17,5
r-l ªtefan Vodã,Ermoclia,Ion Creangã,Liceu,2,0
r-l ªtefan Vodã,Volintiri,Volintiri,Liceu,0,0
r-l ªtefan Vodã,Stefan Vodã,ªtefan Vodã,Scoala Primara,0,0
r-l ªtefan Vodã,Carahasani,Mihai Viteazu,Liceu,0,0
r-l ªtefan Vodã,Rãscãieþii Noi,Rãscãieþii Noi,Gimnaziu,0,0
r-l ªtefan Vodã,Marianca de Jos,Marianca de Jos,Gimnaziu,0,0
r-l ªtefan Vodã,Popeasca,Popeasca,Gimnaziu,0,0
r-l ªtefan Vodã,Brezoaia,Brezoaia,Gimnaziu,0,0
r-l ªtefan Vodã,Tudora,Tudora,Scoala Medie,0,0
r-l ªtefan Vodã,Palanca,Palanca,Scoala Medie,1,0
r-l ªtefan Vodã,Semionovca,Semionovca,Scoala Medie,3,0
r-l ªtefan Vodã,Cãplani,CAPLANI,Liceu,0,0
r-l ªtefan Vodã,Rãscãieþi,Rãscãieþi,Scoala Medie,0,0
r-l ªtefan Vodã,Olãneºti,Olãneºti,Scoala Medie,87,5
r-l ªtefan Vodã,Cioburciu,Mihai Sîrghi,Liceu,0,0
r-l ªtefan Vodã,Purcari,Purcari,Scoala Medie,5,0
r-l ªtefan Vodã,Crocmaz,Ecaterina Malcoci,Liceu,0,0
r-l ªtefan Vodã,Talmaza,Talmaza,Scoala Medie,0,0
r-l ªtefan Vodã,Feºteliþa,Feºteliþa,Scoala Medie,0,0
r-l Strãºeni,Voinova,Gimnaziul Voinova,Gimnaziu,0,0
r-l Strãºeni,Dolna,Gimnaziul Dolna,Gimnaziu,0,0
r-l Strãºeni,Codreanca,ªcoala Medie Codreanca,Scoala Medie,,3
r-l Strãºeni,Pãnãºeºti,Gimnaziul Pãnãºeºti,Gimnaziu,,
r-l Strãºeni,Gãleºti,ªcoala Medie Gãleºti,Scoala Medie,113,0
r-l Strãºeni,Micãuþi,V. Slobozenco,Scoala Medie,0,0
r-l Strãºeni,Scoreni,Universul,Liceu,0,0
r-l Strãºeni,Micleuºeni,Ion Creangã,Liceu,68,0
r-l Strãºeni,Cojuºna,Gimnaziul Cojuºna,Gimnaziu,0,0
r-l Strãºeni,Rãdeni,ªcoala Medie Rãdeni,Scoala Medie,16,0
r-l Strãºeni,Negreºti,Gimnaziul Negreºti,Gimnaziu,4,1
r-l Strãºeni,Zubreºti,Liceul Zubteºti,Liceu,45,0
r-l Strãºeni,Lozova,Mitropolit Nestor Vornicescu,Liceu,0,0
r-l Strãºeni,Stejãreni,Gimnaziul Stejãreni,Gimnaziu,0,0
r-l Strãºeni,Romãneºti,Liceul Teoretic Romãneºti,Liceu,45,0
r-l Strãºeni,Saca,Gimnaziul Saca,Gimnaziu,0,0
r-l Strãºeni,Oneºti,Gimnaziul Oneºti,Gimnaziu,0,0
r-l Strãºeni,Roºcani,Gimnaziul Roºcani,Gimnaziu,0,0
r-l Strãºeni,Recea,ªcoala Medie Recea,Scoala Medie,0,0
r-l Strãºeni,Cojuºna,Alecu Russo,Liceu,0,0
r-l Strãºeni,Chirianca,Gimnaziul Chirianaca,Gimnaziu,,
r-l Strãºeni,Greblesti,Gimnaziul Grebleºti,Gimnaziu,0,0
r-l Strãºeni,Drãguºeni,Gimnaziul Drãguºeni,Gimnaziu,,
r-l Strãºeni,Straºeni,ªcoala internat auxiliarã,Gimnaziu,23,113
r-l Strãºeni,Straºeni,Gim internat Strãºeni,Gimnaziu,29,258
r-l Strãºeni,Sireþi,Liceul Teoretic Sireþi,Liceu,0,0
r-l Strãºeni,Vorniceni,I. Inculeþ,Liceu,4,47
r-l Strãºeni,Tãtãreºti,Gimnaziul Tãtãreºti,Gimnaziu,0,0
r-l Strãºeni,Straºeni,Nicolai Nekrasov,Liceu,3,2
r-l Strãºeni,Straºeni,"Gimnaziul ""Mihai Viteazul""",Gimnaziu,59,19
r-l Strãºeni,Lupa-Recea,Gimnaziul Lupa-Recea,Gimnaziu,0,0
r-l Strãºeni,Ghelãuza,Gimnaziul Ghelãuza,Gimnaziu,0,0
r-l Strãºeni,Þigãneºti,Gimnaziul Þigãneºti,Gimnaziu,0,0
r-l Strãºeni,Straºeni,Mihai Eminescu,Liceu,43,56
r-l Strãºeni,Straºeni,LICEUL TEORETIC INTERNAÞIONAL DE MANAGEMENT,Liceu,6,5
r-l Strãºeni,Bucovãþ,Gimnaziul Bucovãþ,Gimnaziu,36,0
r-l Taraclia,Musaitu,Gimnaziul rus Musaitu,Gimnaziu,,
r-l Taraclia,Taraclia,GIMNAZIUL RUS TARACLIA,Gimnaziu,,
r-l Taraclia,Balabanu,Gimnaziul moldo-rus Balabanu,Gimnaziu,,
r-l Taraclia,Budai,LICEUL TEORETIC  BUDÃI,Liceu,55,
r-l Taraclia,Albota de Sus,LICEUL TEORETIC ALBOTA DE SUS,Liceu,11,
r-l Taraclia,Tvardiþa,GIMNAZIUL RUS TVARDIÞA,Gimnaziu,,
r-l Taraclia,Aluatu,GIMNAZIUL ALUATU,Gimnaziu,,
r-l Taraclia,Novosiolovca,Gimnaziul Novosiolovca,Gimnaziu,,
r-l Taraclia,Cairaclia,LICEUL TEORETIC CAIRACLIA,Liceu,0,0
r-l Taraclia,Hîrtop,Gimnaziul Hîrtop,Gimnaziu,43,
r-l Taraclia,Corten,LICEUL CORTEN,Liceu,,
r-l Taraclia,Albota de Jos,Gimnaziul Albota de Jos,Gimnaziu,,
r-l Taraclia,Sofievca,Gimnaziul Sofievca,Gimnaziu,23,0
r-l Taraclia,Taraclia,"LICEUL TEORETIC ""O. Panov""",Liceu,,
r-l Taraclia,Taraclia,LICEUL TEORETIC NR 2,Liceu,9,
r-l Taraclia,Taraclia,LICEUL TEORETIC I.VAZOV,Liceu,276,12
r-l Taraclia,Tvardiþa,LICEUL TVARDIÞA,Liceu,,
r-l Teleneºti,Hîrtop,Gimnaziul  Hîrtop,Gimnaziu,0,0
r-l Teleneºti,Pistruieni,Gimnaziul  Pistruieni,Gimnaziu,9,21
r-l Teleneºti,Vãsieni,Gimnaziul  Vãsieni,Gimnaziu,0,0
r-l Teleneºti,Cîºla,Gimnaziul  Câºla,Gimnaziu,0,0
r-l Teleneºti,Bãneºtii Noi,Gimnaziul  Bãneºtii  Noi,Gimnaziu,0,0
r-l Teleneºti,Zgãrdeºti,Gimnaziul  Zgãrdeºti,Gimnaziu,0,0
r-l Teleneºti,Nucãreni,Gimnaziul Nucãreni,Gimnaziu,0,0
r-l Teleneºti,Cucioaia,Gimnaziul  Cucioaia,Gimnaziu,0,0
r-l Teleneºti,Vadul Leca,Gimnaziul Vadul Leca,Gimnaziu,2,0
r-l Teleneºti,Chiþcanii Vechi,ªcoala Medie Chiþcanii Vechi,Scoala Medie,53,0
r-l Teleneºti,Tîrºiþei,ªcoala Medie Tîrºiþei,Scoala Medie,40,0
r-l Teleneºti,Suhuluceni,ªcoala Medie Suhuluceni,Scoala Medie,,
r-l Teleneºti,Teleneºti,"Liceul Teoretic ,,L.Blaga"" Teleneºti",Liceu,0,0
r-l Teleneºti,Brînzenii Vechi,Liceul Teoretic Brînzenii Vechi,Liceu,0,0
r-l Teleneºti,Ordãºei,ªcoala Medie Ordaºei,Scoala Medie,5,
r-l Teleneºti,Negureni,Liceul Teoretic  Negureni,Liceu,51,0
r-l Teleneºti,Leuºeni,ªcoala Medie Leuºeni,Scoala Medie,0,0
r-l Teleneºti,Ineºti,ªcoala Medie Ineºti,Scoala Medie,4,0
r-l Teleneºti,Verejeni,ªcoala Medie Verejeni,Scoala Medie,0,0
r-l Teleneºti,Crãsnãºeni,ªcoala Medie Crãsnãºeni,Scoala Medie,0,0
r-l Teleneºti,Scorþeni,ªcoala Medie Scorþeni,Scoala Medie,0,0
r-l Teleneºti,Cãzãneºti,ªcoala Medie Cãzãneºti,Scoala Medie,0,0
r-l Teleneºti,Sãrãtenii Vechi,"Liceul Teoretic ,,V.Anestiade"" Sãrãtenii Vechi",Liceu,,
r-l Teleneºti,Mîndreºti,"Liceul Teoretic ,,D.Cantemir"" Mîndreºti",Liceu,21,20
r-l Teleneºti,Mihãlaºa,Gimnaziul Mihalaºa,Gimnaziu,20,0
r-l Teleneºti,Þînþãreni,Liceul Teoretic Þînþãreni,Liceu,27,15
r-l Teleneºti,Ratuº,Gimnaziul  Ratuº,Gimnaziu,50,0
r-l Teleneºti,Budãi,ªcoala Medie Budãi,Scoala Medie,0,0
r-l Teleneºti,Bãneºti,ªcoala Medie Bãneºti,Scoala Medie,,
r-l Teleneºti,Hiriºeni,ªcoala Medie Hiriºeni,Scoala Medie,0,0
r-l Teleneºti,Bogzeºti,Gimnaziul Bogzeºti,Gimnaziu,0,0
r-l Teleneºti,Teleneºti,"gimnaziul ,,M.Eminescu"" Teleneºti",Gimnaziu,0,0
r-l Teleneºti,Ghiliceni,ªcoala Medie Ghiliceni,Scoala Medie,1,0
r-l Teleneºti,Ciulucani,Gimnaziul Ciulucani,Gimnaziu,0,0
r-l Teleneºti,Brînzenii Noi,Gimnaziul  Brînzenii Noi,Gimnaziu,0,0
r-l Teleneºti,Codrul Nou,Gimnaziul Codrul Nou,Gimnaziu,0,0
r-l Teleneºti,Codru,Gimnaziul Codru,Gimnaziu,0,0
r-l Teleneºti,Coropceni,Gimnaziul Coropceni,Gimnaziu,31,0
r-l Teleneºti,Ghermanesti,Gimnaziul Ghermãneºti,Gimnaziu,0,0
r-l Ungheni,Mãnoleºti,Gimnaziul Mãnoileºti,Gimnaziu,287,
r-l Ungheni,Costuleni,Liceul Teoretic Costuleni,Liceu,,
r-l Ungheni,Cetireni,Liceul Teoretic Cetireni,Liceu,37,
r-l Ungheni,Cioropcani,ªcoala Medie Cioropcani,Scoala Medie,1,18
r-l Ungheni,Ungheni,"Liceul Teoretic ""M. Eminescu""",Liceu,800,350
r-l Ungheni,Petreºti,"Liceul Teoretic ""Gaudiamus""  Petreºti",Liceu,,
r-l Ungheni,Mãcãreºti,"Liceul Teoretic ""Elada""",Liceu,27,6
r-l Ungheni,Hîrceºti,Gimnaziu Hîrceºti,Gimnaziu,,
r-l Ungheni,Pîrliþa,"Gimnaziul ""I. Vatamanu""",Gimnaziu,0,0
r-l Ungheni,Frãsineºti,gimnaziul Frãsineºti,Gimnaziu,,
r-l Ungheni,Chirileni,ªcoala Medie Chirileni,Scoala Medie,,
r-l Ungheni,Morenii Vechi,gimnaziul Morenii Vechi,Gimnaziu,20,5
r-l Ungheni,Todireºti,Gimnaziul Todereºti,Scoala Medie,,
r-l Ungheni,Buºila,gimnaziul Buºila,Gimnaziu,,
r-l Ungheni,Agronomovca,gimnaziul Agronomovca,Gimnaziu,,
r-l Ungheni,Rãdenii Vechi,Gimnaziul Rãdenii Vechi,Gimnaziu,,
r-l Ungheni,Negurenii Vechi,gimnaziul Negurenii Vechi,Gimnaziu,33,
r-l Ungheni,Grãseni,gimnaziul Grãseni,Gimnaziu,,
r-l Ungheni,Floriþoaia Nouã,gimnaziul Floriþoaia Nouã,Gimnaziu,19,
r-l Ungheni,Drujba,gimnaziul Drujba,Gimnaziu,,
r-l Ungheni,Condrãteºti,"gimnaziul ""Pavel Buruianã""",Gimnaziu,0,0
r-l Ungheni,Curtoaia,gimnaziul Curtoaia,Gimnaziu,,
r-l Ungheni,S.REZINA,gimnaziul Rezina,Gimnaziu,0,0
r-l Ungheni,Nãpãdeni,gimnaziul Nãpãdeni,Gimnaziu,,
r-l Ungheni,Cornova,"gimnaziul "" Paul Mihail""",Gimnaziu,,
r-l Ungheni,Mirceºti,gimnaziul Mirceºti,Gimnaziu,,
r-l Ungheni,Ungheni,"Liceul Teoretic ""I. Creangã""",Liceu,,
r-l Ungheni,Zagarancea,gimnaziul Zagarancea,Gimnaziu,,
r-l Ungheni,Semeni,gimnaziul Semeni,Gimnaziu,,
r-l Ungheni,Bumbãta,Gimnaziul Bumbãta,Gimnaziu,,
r-l Ungheni,Floriþoaia Veche,gimnaziul Floriþoaia Veche,Gimnaziu,19,
r-l Ungheni,Buciumeni,gimnaziulBuciumeni,Gimnaziu,0,0
r-l Ungheni,Corneºti,gimnaziul Corneºti,Gimnaziu,,
r-l Ungheni,Corneºti,"Liceul Teoretic "" D.Cantemir""",Liceu,91,
r-l Ungheni,Ungheni,"Liceul Teoretic ""Gh. Asachi""",Liceu,41,
r-l Ungheni,Valea Mare,"gimnaziul ""Andrei Chivriga""",Gimnaziu,20,
r-l Ungheni,Mãgurele,"gimnaziul ""V. Badiu""",Gimnaziu,,
r-l Ungheni,Boghenii Noi,"gimnaziul ""A. Popovici""",Gimnaziu,64,
r-l Ungheni,Morenii Noi,gimnaziul Morenii Noi,Gimnaziu,24,
r-l Ungheni,Ungheni,Gimnaziul de tip Internat pentru copii orfani ºi rãmaºi fãrã îngrijirea pãrinþilor,Gimnaziu,28,117
r-l Ungheni,Alexeevca,Gimnaziul Alexeevca,Gimnaziu,5,6
r-l Ungheni,Buzduganii de Sus,gimnaziul Buzduganii de Sus,Gimnaziu,22,
r-l Ungheni,Sineºti,gimnaziul Sineºti,Gimnaziu,,
r-l Ungheni,Unþeºti,gimnaziul Unþeºti,Gimnaziu,4,
r-l Ungheni,Ungheni,"Liceul Teoretic ""A.Puºkin""",Liceu,16,10
r-l Ungheni,Gherman,gimnaziul Gherman,Gimnaziu,0,0
r-l Ungheni,Stolniceni,gimnaziul Stolniceni,Gimnaziu,2,
r-l Ungheni,Sculeni,Liceul Teoretic Sculeni,Liceu,78,20
r-l Ungheni,Medeleni,gimnaziul Medeleni,Gimnaziu,,
r-l Ungheni,Zãzulenii Noi,gimnaziul Zãzulenii Noi,Gimnaziu,7,
r-l Ungheni,Blindeºti,gimnaziul Blîndeºti,Gimnaziu,,
r-l Ungheni,Ungheni,"ªcoala Primarã ""A. Mateevici""",Scoala Primara,5,
r-l Ungheni,Hristoforovca,gimnaziul Hristoforovca,Gimnaziu,,
r-l Ungheni,Ungheni,"ªcoala Primarã ""Sp. Vangheli""",Scoala Primara,,
r-l Ungheni,Teºcureni,gimnaziul Teºcureni,Gimnaziu,0,0
r-l Ungheni,Pîrliþa,"Liceul Teoretic "" A.Mateevici""",Liceu,27,39
r-l Ungheni,Þighira,"gimnaziul ""Grigore Vieru""",Gimnaziu,13,
r-l Ungheni,Ungheni,"Liceul Teoretic""Vasile Alecsandri""",Liceu,95,27
UTA Gãgãuzia,Congazcicul de Sus,LICEUL  TEORETIC CONGAZCIC,Liceu,0,0
UTA Gãgãuzia,Baurici,LICEUL TEORETIC BAURCI,Liceu,0,0
UTA Gãgãuzia,Cioc-Maidan,LICEUL  TEORETIC CIOC-MAIDAN,Liceu,331,0
UTA Gãgãuzia,Comrat,"ªCOALA MEDIE Nr. 6, mun.COMRAT",Scoala Medie,0,0
UTA Gãgãuzia,Vulcãneºti,ªCOALÃ MEDIE Nr. 1 or.VULCÃNEªTI,Scoala Medie,245,24
UTA Gãgãuzia,Tomai,LICEUL TEORETIC TOMAI,Liceu,2,0
UTA Gãgãuzia,Cazaclia,ªCOALA MEDIE NR.1 CAZACLIA,Scoala Medie,,
UTA Gãgãuzia,Ferapontievca,GIMNAZIUL DIN FERAPONTIEVCA,Gimnaziu,0,0
UTA Gãgãuzia,Comrat,"LICEUL  TEORETIC  ""G.A.GAIDARJI"", COMRAT",Liceu,0,88
UTA Gãgãuzia,Comrat,"LICEUL  TEORETIC  ""M.EMINESCU""",Liceu,1,106
UTA Gãgãuzia,Chirsova,GIMNAZIUL CHIRSOVA,Gimnaziu,22,1
UTA Gãgãuzia,Chirsova,"LICEUL  TEORETIC ""M.I.TUZLOV"" s.CHIRSOVA",Liceu,0,0
UTA Gãgãuzia,Ciºmichioi,GIMNAZIUL CIªMICHIOI,Gimnaziu,0,0
UTA Gãgãuzia,Cotovscoe,GIMNAZIUL DIN COTOVSCOE,Gimnaziu,0,0
UTA Gãgãuzia,Copceac,LICEUL TEORETIC Nr.1 COPCEAC,Liceu,,
UTA Gãgãuzia,Comrat,"ªCOALA MEDIE Nr. 7, COMRAT",Scoala Medie,204,0
UTA Gãgãuzia,Comrat,"LICEUL  TEORETIC  ""N.TRETIACOV"", COMRAT",Liceu,0,25
UTA Gãgãuzia,Comrat,ªCOALA MEDIE NR. 2 COMRAT,Scoala Medie,0,6
UTA Gãgãuzia,Chioselia Rusã,LICEUL  TEORETIC  CHIOSELIA RUSÃ,Liceu,18,7
UTA Gãgãuzia,Congaz,"LICEUL MOLDO-TURC S.DEMIREL, CONGAZ",Liceu,0,0
UTA Gãgãuzia,Avdarma,ªCOALA MEDIE DIN s.AVDARMA,Scoala Medie,0,0
UTA Gãgãuzia,Dezghingea,ªCOALA MEDIE DEZGHINGEA,Scoala Medie,0,0
UTA Gãgãuzia,Bugeac,GIMNAZIA BUGEAC,Scoala Medie,0,0
UTA Gãgãuzia,Chiriet-Lunga,ªCOALA MEDIE DIN CHIRIET-LUNGA,Scoala Medie,0,0
UTA Gãgãuzia,Gaidar,ªCOALA MEDIE DIN GAIDAR,Scoala Medie,436,0
UTA Gãgãuzia,Ceadir-Lunga,ªCOALÃ DE TIP INTERNAT (GIMNAZIU) PENTRU COPII ORFANI ªI CEL RÃMAªI FÃRÃ ÎNGRIJIREA PÃRINÞILOR or.CEADÎR-LUNGA,Gimnaziu,0,0
UTA Gãgãuzia,Ceadir-Lunga,"LICEUL TEORETIC RAIONAL ""M.GUBOGLO""",Liceu,0,62
UTA Gãgãuzia,Ceadir-Lunga,"FILIALA CEADIR-LUNGA A LICEULUI TEORETIC ""ORIZONT""",Liceu,53,132
UTA Gãgãuzia,Beºghioz,LICEUL TEORETIC BEªGHIOZ,Liceu,0,0
UTA Gãgãuzia,Comrat,"LICEUL  TEORETIC  ""D.CARACIOBAN"", mun. COMRAT",Liceu,603,129
UTA Gãgãuzia,Carbalia,ªCOALÃ PRIMARÃ CARBOLIA,Scoala Primara,0,0
UTA Gãgãuzia,Svetlîi,LICEUL  TEORETIC  SVETLÎI,Liceu,265,30
UTA Gãgãuzia,Congaz,GIMNAZIUL DIN CONGAZ,Gimnaziu,0,0
UTA Gãgãuzia,Congaz,ªCOALA MEDIE satul  CONGAZ,Scoala Medie,0,3
UTA Gãgãuzia,Congaz,LICEUL  TEORETIC s.  CONGAZ,Liceu,0,0
UTA Gãgãuzia,Vulcãneºti,ªCOALÃ MEDIE Nr. 3 or.VULCÃNEªTI,Scoala Medie,0,0
UTA Gãgãuzia,Etulia,LICEUL TEORETIC  ETULIA,Liceu,0,1
UTA Gãgãuzia,Ceadir-Lunga,ªCOALA MEDIE Nr. 4 CEADÎR-LUNGA,Scoala Medie,476,7
UTA Gãgãuzia,Ceadir-Lunga,LICEUL TEORETIC Nr.2 DIN or.CEADÎR-LUNGA,Liceu,644,5
UTA Gãgãuzia,Comrat,"LICEUL  REGIONAL-INTERNAT SPORTIV, COMRAT",Liceu,0,0
UTA Gãgãuzia,Beºalma,LICEUL  TEORETIC DIN BEªALMA,Liceu,0,0
UTA Gãgãuzia,Baurici,ªCOALA PRIMARÃ BAURCI,Scoala Primara,0,0
UTA Gãgãuzia,Ceadir-Lunga,"LICEUL TEORETIC ""V.MOªCOV""",Liceu,0,0
UTA Gãgãuzia,Ciºmichioi,LICEUL TEORETIC CIªMICHIOI,Liceu,2,0
UTA Gãgãuzia,Cazaclia,LICEUL TEORETIC CAZACLIA,Liceu,0,0
UTA Gãgãuzia,Vulcãneºti,LICEUL TEORETIC Nr.2  or. VULCÃNEªTI,Liceu,0,46
UTA Gãgãuzia,Copceac,LICEUL TEORETIC Nr.2 COPCEAC,Liceu,604,1
UTA Gãgãuzia,Joltai,ªCOALA MEDIE DIN JOLTAI,Scoala Medie,0,0
UTA Gãgãuzia,Congaz,ªCOALA INTERNAT AUHILIARA DIN CONGAZ,Gimnaziu,37,100
UTA Gãgãuzia,Vulcãneºti,LICEUL TEORETIC Nr.1  or. VULCÃNEªTI,Liceu,0,0
